ID	Name
366800	Roentgenographic and Other Imaging Agents
368800	Urine and Feces Contents
382539	diphenhydrAMINE
366600	Pituitary Function
364000	Kidney Function
385034	Labetalol
381006	Theophyllines
382018	Methotrexate
382498	Potassium Iodide
397042	Carvedilol
382645	Mannitol
363200	Fungi
382204	sulfaSALAzine
301005	inFLIXimab, -abda, -dyyb, -qbtx
382756	acetaZOLAMIDE
361800	Cardiac Function
365800	Ocular Disorders
393010	Sotalol
382607	Propranolol
382537	Doxylamine
384029	Timolol
307023	Bismuth Salts
318029	Iobenguane I-131
382675	Estrogen-Progestin Combinations
392005	Clarithromycin
384030	Verapamil
390006	Interferon Alfa
384027	dilTIAZem
302037	Eplerenone
382627	Spironolactone
398007	Raloxifene
384024	Antimuscarinics/Antispasmodics General Atropine
385038	Auranofin
382764	Calcium Salts
382878	Aspirin
382713	Cromolyn
302046	Adalimumab; -adaz
382244	metroNIDAZOLE
315003	Apremilast
387003	Acebutolol
382167	azaTHIOprine
311010	Ustekinumab
382098	Tetracycline
309028	Golimumab
382910	Benzodiazepines General Statement
382921	Corticosteroids General Statement
384054	cycloSPORINE
308034	Certolizumab
382319	Hydroxychloroquine
382842	Urea
382329	Magnesium Sulfate
382412	Valproate/Divalproex
311030	Roflumilast
382066	Dextran 40
384032	Pindolol
384031	Atenolol
379075	Grass Pollen Allergen Extract (Grastek)
382866	hydrOXYzine
382074	Ammonium Chloride
382583	Ascorbic Acid
382787	Sunscreens
393047	Betaxolol
360400	Adrenocortical Insufficiency
387013	Esmolol
318014	Fostamatinib
382557	Cosyntropin
382584	Vitamin E
318013	Burosumab-twza
301041	Colesevelam
382876	Desmopressin
368400	Tuberculosis
361000	Appendicitis
360600	Allergenic Extracts
382882	Multivitamins
318007	Angiotensin II
382444	Green Soap
379177	Technetium
381040	Tuberculin
382683	Simethicone
382354	Hydrogen Peroxide
316062	Metreleptin
379081	Histamine Phosphate
382864	Metoprolol
392034	Epoetin Alfa
382542	Clemastine
399015	Sildenafil
382883	Carbinoxamine
382226	Neostigmine
382278	Protamine
320000	Contraceptives (foams, devices)
382727	Fluorides
367000	Respiratory Function
364400	Liver Function
379111	Mannitol Inhalation Powder
382122	Mumps Skin Test Antigen
365200	Mumps
364600	Lymphatic System
363400	Gallbladder Function
379094	Isosulfan Blue
382192	Sincalide
382741	Indocyanine Green
379127	Nonoxynol-9
382314	Polymyxin B
315014	RimabotulinumtoxinB
301064	Darbepoetin Alfa
366100	Pancreatic Function
385041	Naltrexone
315013	IncobotulinumtoxinA
317064	Dolutegravir and Rilpivirine
386005	Dipivefrin
311016	Vilazodone
316083	Tenofovir Alafenamide
382726	Sulfur
382541	Cyproheptadine
382481	TOLBUTamide
384041	Insulin Human
315012	AbobotulinumtoxinA
382470	medroxyPROGESTERone
379184	Tisagenlecleucel
379016	Axicabtagene Ciloleucel
382267	EPINEPHrine
305006	OnabotulinumtoxinA
382533	Triprolidine
382809	BCG Vaccine
382079	Bromocriptine
309017	Degarelix
382397	Vitamin B12
382092	Methohexital
382083	Physostigmine
382762	Antacids
365600	Myasthenia Gravis
382543	Chlorpheniramine
382111	Sodium Chloride
382545	Brompheniramine
386015	cefoTEtan
382556	Progestins
382403	rifAMPin
395031	Pegaspargase
300002	Moxifloxacin
394040	Acrivastine
382661	Amikacin
312023	Asparaginase (Erwinia chrysanthemi)
382719	Pancrelipase
382453	Estradiol
398003	riTUXimab
382001	Sodium Bicarbonate
382162	Orphenadrine
309009	Milnacipran
381029	Naproxen
382788	Calcitonin
382395	Probenecid
388016	Ciprofloxacin
310012	Dapsone
397046	Selegiline
382659	Phytonadione
397040	levoFLOXacin
385040	Leuprolide
304021	DULoxetine
384057	Cellulose Sodium Phosphate
316072	Lesinurad
382003	Megestrol
301070	Sevelamer
385001	Amoxicillin
382905	Phenothiazines General Statement
382674	Collagenase
382080	Cyclophosphamide
382414	Tamoxifen
382665	Streptomycin
302025	Propofol
393049	Octreotide
382859	Dimercaprol
384023	Scopolamine
317028	Uridine Triacetate
309008	Everolimus
382284	Promethazine
392031	Succimer
382906	Opiate Agonists General Statement
300037	Tenecteplase
386017	Antivenin (Latrodectus mactans) (Equine) Antivenin (Micrurus fulvius) (Equine)
382245	Prazosin
394002	Dornase Alfa
318008	Lutetium Lu-177 Dotatate
382108	Sodium Polystyrene Sulfonate
308013	guanFACINE
382737	cefOXitin
382232	Naloxone
382128	Dapsone
398005	Toremifene
398016	Finasteride
302003	Pimecrolimus
302008	Goserelin
379191	Voretigene Neparvovec-rzyl
387011	Famotidine
316077	Dichlorphenamide
393009	Rifabutin
382336	Leucovorin
398033	Rifapentine
316012	Dasabuvir, Ombitasvir, Paritaprevir, and Ritonavir Ombitasvir, Paritaprevir, Ritonavir
398026	Cetirizine
394014	Lodoxamide
396018	Anastrozole
398004	Letrozole
393024	Bisoprolol
395032	niCARdipine
382194	Caffeine/Caffeine and Sodium Benzoate
386014	Ketoprofen
313042	Pomalidomide
304004	Tiotropium
393045	Doxazosin
303008	Budesonide
399007	Emedastine
302023	Crotalidae Polyvalent Immune Fab
306024	Rasagiline
315048	Alemtuzumab
382791	Triamcinolone
381027	Indomethacin
382084	Metaproterenol
300033	Triptorelin
382944	Salicylates General Statement
394030	Nizatidine
303028	Prussian Blue
382253	ePHEDrine
382152	Paromomycin
382145	Albuterol/Levalbuterol
312006	Centruroides Immune F(ab')2
399038	Exemestane
303033	Omalizumab
304025	Histrelin
306027	Cromolyn
310009	Tocilizumab
385029	Pentamidine
389010	niMODipine
301034	Alemtuzumab
386020	Digoxin Immune Fab
382773	Aurothioglucose/Gold Sodium Thiomalate
382457	Estrogens, Conjugated
382653	Mercaptopurine
382249	Edetate Calcium Disodium
382480	Glucagon
392018	Flumazenil
392009	Aldesleukin
306005	Lenalidomide
306019	Varenicline
382308	Histoplasmin
393046	Terazosin
303006	Alefacept
382592	Vitamin A
315020	Ledipasvir and Sofosbuvir
382638	Acetylcysteine
384026	Co-trimoxazole
399006	Olopatadine
379022	Botulinum Toxoid
389001	Alteplase
395021	Ipratropium
384046	raNITIdine
382922	Estrogens General Statement
315043	Pirfenidone
382022	Phenytoin
382619	Pseudoephedrine
301040	Tacrolimus
379117	Mineral Oil
301057	Reteplase
308020	Ursodiol
381004	Acetaminophen
382242	Methyldopa
382063	Doxycycline
382396	quiNIDine
382144	Terbutaline
307024	Aluminum Chloride
301023	Formoterol
381047	Beclomethasone
382256	Cimetidine
382199	Diphtheria and Tetanus Toxoids
382344	Amyl Nitrite
394015	risperiDONE
301021	Mometasone
382301	Digoxin
382254	Deferoxamine
301045	Cilostazol
395002	Fluticasone
317003	Sofosbuvir and Velpatasvir
310014	Asenapine
309005	Regadenoson
304026	Lanthanum
301019	Triamcinolone
382290	penicillAMINE
382858	Furosemide
382615	Beta Carotene
379195	Zinc Pyrithione
305048	Pregabalin
382247	Diazoxide
382667	Butorphanol
381048	Flunisolide
382101	Minocycline
382053	LORazepam
387008	Midazolam
382107	Coccidioidin
382143	Plasma Protein Fraction
379188	Trypan Blue
384056	Nicotine
317051	Glecaprevir
382047	diazePAM
302040	ARIPiprazole
382237	carBAMazepine
394018	Torsemide
385022	Flunisolide
395007	lamoTRIgine
386003	Guanabenz
382243	cloNIDine
384034	Coal Tar
397014	Azelastine
313025	cloBAZam
300032	Leflunomide
318033	Glycopyrronium
398019	QUEtiapine
382452	Estrogens, Esterified
399018	Ketotifen
382934	Cardiac Glycosides General Statement
313024	Tofacitinib
382911	Tetracyclines General Statement
384039	Chenodiol
379064	Fluorescein
301072	Anakinra
382142	Albumin Human
301013	Ziprasidone
382789	EPINEPHrine
382606	Isoproterenol
300031	Etanercept, Etanercept-szzs
379015	Allogeneic Cultured Keratinocytes and Autologous Cultured Chondrocytes
315042	Nintedanib
318006	ARIPiprazole w/sensor
382740	Indocyanine Green
382052	Clorazepate
381050	Beclomethasone
382191	Dihydroergotamine Mesylate
301043	Nitric Oxide
384062	Indapamide
379155	Hematopoietic Progenitor Cells, Cord Blood Sipuleucel-T
308010	Aluminum Acetate
303009	Budesonide
392012	Beractant
379017	Azficel-T
382342	Chlorthalidone
379028	Polyacrylic Acid
382920	Antihistamines General Statement
397011	OLANZapine
306003	Abatacept
394007	Gabapentin
317029	Deutetrabenazine
302016	Telmisartan
384051	Bumetanide
319001	Prucalopride
382857	Ethacrynic Acid
382437	Tretinoin
304029	alpha1-Proteinase Inhibitor
397012	Topiramate
302020	Olmesartan
382096	Ergotamine
394006	Cisapride
318055	Inotersen
382279	clonazePAM
308029	Tetrabenazine
382345	metOLazone
382140	dimenhyDRINATE
399017	Perindopril
382573	Bendroflumethiazide
382830	Dipyridamole
308008	Pentosan
317040	Becaplermin
314008	Riociguat
314009	Macitentan
382569	Methyclothiazide
379099	Lucinactant
386022	Enalapril
382251	Phentolamine
382548	Meclizine
382861	DOBUTamine
318028	Dehydrated Alcohol
382341	Chlorothiazide
316080	Eteplirsen
317031	Valbenazine
382529	DOPamine
317002	Nusinersen
379080	Hexaminolevulinate
384035	Metoclopramide
392011	Benazepril
382337	Triamterene
379034	Corticorelin
382291	Nitrofurantoin
395034	Mesna
381046	aMILoride
396014	Amifostine
303047	Tadalafil
382623	Invert Sugar
306004	Mecasermin
382296	Methenamine
382624	Dextrose
305010	Palifermin
382526	Aminohippurate
382752	Promethazine
382239	metyraPONE
304017	Epoprostenol
368812	Ketones
382061	Sodium Tetradecyl Sulfate
312031	Ivacaftor
305042	Iloprost
307019	Eculizumab
379096	Lactic Acid
379125	Nifurtimox
379157	Sodium antimony gluconate
368828	Protein
382571	hydroCHLOROthiazide
384025	Trimethoprim
382927	Vitamin D Analogs General Statement
382333	Ergocalciferol
379185	Triclabendazole
392016	Felodipine
384050	Acetohydroxamic Acid
368840	Sugar
379163	Sodium Stibogluconate
305007	Solifenacin
379101	Macimorelin
300050	Poractant Alfa
317004	Crisaborole
397008	Fosfomycin
379060	Fish Oil Triglycerides
308026	Clevidipine
312007	Icatibant
307014	Ambrisentan
313019	Polidocanol
301066	Bosentan
394003	Extended-Spectrum Penicillins General Piperacillin and Tazobactam
317005	Calcifediol
379021	Bithionol
382338	Lactulose
382240	Arginine
315050	C1-Esterase Inhibitor (Recombinant)
379168	Spiramycin
382621	Phenylephrine
382563	Tetrahydrozoline
382484	Benzocaine
304023	Ivermectin
311008	Tesamorelin
382823	Captopril
308011	Oxandrolone
382525	Indigotindisulfonate
382269	Propylhexedrine
382568	Polythiazide
392051	Lisinopril
382059	Phenoxybenzamine
384047	Ciclopirox
382649	Sodium Chloride 20% Injection
379073	Glycerol Phenylbuterate
318042	Lanadelumab-flyo
382530	Baclofen
388003	Fat Emulsions
397015	Valsartan
313016	Carglumic Acid
302021	Treprostinil
382268	Naphazoline
382646	Mannitol
396009	Nisoldipine
382379	Hydroquinone
301044	Minocycline
396004	Dexrazoxane
398037	Permethrin
395018	Moexipril
382513	Urea 40-50% Injection
379085	Insulin Aspart Protamine
382820	Pyrantel
382699	Chloroprocaine
382689	methylTESTOSTERone
305014	Sodium Phenylacetate and Sodium Benzoate Sodium Phenylbutyrate
382690	Fluoxymesterone
379149	Saccharin
382057	Morrhuate Sodium
306011	Insulin Detemir
379136	Phenol
379042	Diatrizoate Meglumine and Diatrizoate Sodium Diatrizoate Sodium
303021	Mequinol/Tretinoin
368820	Occult Blood
303001	cycloSPORINE
382372	Cocaine
382378	Monobenzone
392044	amLODIPine
385027	Pentoxifylline
316054	Selexipag
382684	Testosterone
382377	Dihydroxyacetone
307030	Carboprost
382612	Insulin Zinc
307027	Maraviroc
382266	EPINEPHrine
379019	Benoxinate (oxybuprocaine)
379068	Gadobutrol
382605	Anthraquinone Laxatives
301009	Diclofenac
319004	Ropivacaine
393048	Isradipine
300042	miFEPRIStone
301071	Paricalcitol
303015	Brimonidine
382685	Oxytocin
382463	Liotrix
399027	Doxercalciferol
314021	Albiglutide
385037	Ticarcillin and Clavulanate
314003	Rotigotine
308012	Nebivolol
382642	Tetracaine
382562	Oxymetazoline
382486	Tetracaine
392025	Pravastatin
382371	Proparacaine
379135	Petrolatum
382383	Tetracyclines
300049	Pantoprazole
379143	Psyllium Hydrophilic Mucilloid
303016	Pegvisomant
397010	Trandolapril
316053	Lumacaftor and Ivacaftor
382277	Warfarin
382230	Flucytosine
382334	Dihydrotachysterol
312005	Rivaroxaban
379112	Melarsoprol
382702	Local Anesthetics, Parenteral, General Mepivacaine
394010	Fluvastatin
379013	Aspartame
382435	Vitamins A and D
382141	Oxybutynin
382335	Calcitriol
382274	Neomycin
302038	Etomidate
382475	Thyroid
379170	Stevia
300027	Insulin Glargine
382518	Niacin
379124	Neotame
318009	Tezacaftor and Ivacaftor
382701	Lidocaine
382275	Gentamicin
316055	Lifitegrast
318017	Avatrombopag
392027	Ramipril
392033	Filgrastim; -sndz, Tbo-filgrastim
382369	Hexachlorophene
306006	Rotavirus Vaccine Live Oral
382500	Dyclonine
379130	Oxymetholone
387014	Mometasone
379193	Xylitol
382706	flavoxATE
314022	Dapagliflozin
388020	Naftifine
313011	Mirabegron
306014	Anidulafungin
382599	Danazol
382781	Amino Acid Injections
309014	C1-Esterase Inhibitor (Human)
301008	Caspofungin
382043	Timolol
382616	Miconazole
379120	Mogrosides
313017	Apixaban
311003	Pitavastatin
316010	Evolocumab
382461	Levothyroxine
379044	Diethylcarbamazine
397043	Albendazole
313043	Alogliptin
318039	Tecovirimat
305041	Tipranavir
300045	Atorvastatin
307001	SITagliptin
313046	Canagliflozin
306026	Posaconazole
382604	Bisacodyl
379001	Acesulfame
382697	Prilocaine
379065	Flutemetamol F18
396029	Ritonavir
382633	Ergonovine/Methylergonovine
397002	clomiPRAMINE
386002	Gemfibrozil
379121	Monobasic Sodium Phosphate
392020	Fosinopril
385014	Penicillin G Potassium, Penicillin G Sodium Penicillin G Procaine
309022	Besifloxacin
382384	Methoxsalen
311001	Benzyl Alcohol
314025	Efinaconazole
382672	Cholestyramine
382361	Zinc Sulfate
309006	Fesoterodine
312022	Tafluprost
379128	Omnitrope
382388	Amitriptyline
314024	Luliconazole
310005	Telavancin
379118	Mineral Oil, Light
379059	Finafloxacin
301010	Articaine
382368	Iodine
379109	Malt Soup Extract
308005	Methoxy Polyethylene Glycol-Epoetin Beta Oprelvekin
318058	Baloxavir
304001	Talc
301035	levoFLOXacin
382406	Acetylcholine
392019	Foscarnet
302039	Ezetimibe
311006	Ecallantide
399047	Modafinil
379087	Iodipamide Meglumine
314004	Bictegravir, Emtracitabine, Tenofovir Dolutegravir
314018	Mipomersen
382360	Boric Acid
390007	Cefixime
382666	Nadolol
382116	Prochlorperazine
306028	Zoster Vaccine Live
382843	Polymyxin B
379043	Cathartics and Laxatives General Statement Dibasic Sodium Phosphate
382045	Sulfacetamide Sodium
382528	Pyrethrins with Piperonyl Butoxide
386021	Ribavirin
379067	Gadobenate Dimeglumine
397013	Zileuton
317007	Meningococcal Group B Vaccine
311012	Ceftaroline
379161	Sodium Picosulfate
382745	Amcinonide
382228	Ambenonium
386007	cefTAZidime
317010	Cholera Vaccine Live Oral
382172	fluPHENAZine
379040	Diatrizoate Meglumine
304019	Trospium
368824	pH
382121	Trifluoperazine
382070	Benzphetamine
301058	Cefditoren
311002	Liraglutide
318004	Ertugliflozin
397048	Sertraline
379167	Sorbitol
399023	Rosiglitazone
379123	Nandrolone
310018	Armodafinil
382263	Mafenide
382643	Amphotericin B
319002	Ravulizumab-cwvz
382010	Metaxalone
382590	Bulk-Forming Laxatives
318012	Ibalizumab-uiyk
382594	Hyperosmotic Laxatives
301006	Argatroban
315046	Empagliflozin
301002	Bivalirudin
384064	Praziquantel
382579	Methocarbamol
388022	Terconazole
386010	Haemophilus b Vaccine
308003	Lanreotide
379072	Glycerin
382007	PHENobarbital
393022	Ciprofloxacin
396039	Terbinafine
397037	Azithromycin
305017	Micafungin
317044	Betrixaban
399040	Oseltamivir
379069	Gadolinium
305021	Exenatide
399021	Zanamivir
382655	Benzyl Benzoate
315047	Parathyroid Hormone
381003	Tobramycin
382703	Bupivacaine
379063	Fluciclovine F18
307020	Cabergoline
379035	Cyclamate
305015	Entecavir
382041	Dextroamphetamine
379003	Alcohol, Isopropyl
381026	Fenoprofen
379172	Sucralose
394004	Ofloxacin
379189	Vaccinia Vaccine
396011	lamiVUDine
382206	Hydrocortisone
301031	Esomeprazole
300028	Rivastigmine
382723	Salicylic Acid
379190	Vildagliptin
387002	Alclometasone
384049	Econazole
379061	Florbetaben
309002	Plerixafor
306016	Human Papillomavirus Vaccine
303040	Rosuvastatin
315041	Edoxaban Tosylate
379031	Ceftobiprole
382846	Erythromycin Stearate
309012	Dexlansoprazole
382210	Diflorasone
315011	Ferric Carboxymaltose
379106	Magnesium Oxide
386019	Ketoconazole
379105	Magnesium Hydroxide
382746	Iron Dextran
382362	Carbamide Peroxide
386018	Pimozide
301048	Iron Sucrose
316040	Factor Xa (recombinant), inactivated-zhzo idaruCIZUmab
302034	Escitalopram
394028	Antihemophilic Factor (Recombinant), Fc fusion Antihemophilic Factor (Recombinant), Antihemophilic Factor (Recombinant), Antihemophilic Factor (Recombinant), Porcine Anti-inhibitor Coagulant Complex
384052	Atracurium
309007	Thrombin (Human)
399026	Tolterodine
382229	Pyridostigmine
305008	Darifenacin
315031	Isavuconazonium
318046	Fremanezumab-vfrm
382582	Stool Softeners
315021	Dulaglutide
301032	Naratriptan
302018	Doxycycline
382778	Iron Preparations, Oral
382602	Disulfiram
379027	Calcium Carbonate
308030	romiPLOStim
313035	Lorcaserin
379122	Moxidectin
382512	Dinoprostone
316061	Insulin Degludec
382202	Amoxapine
308035	Thrombin Alfa
382680	Opium Preparations
382327	Ethosuximide
382270	Betamethasone
385002	Ampicillin
382293	Bacitracin
382595	Castor Oil
382065	Codeine
313021	Ivermectin
382315	Mebendazole
382350	Mineral Oil
382598	Silver Sulfadiazine
382816	Ketoconazole
305016	Bromfenac
397032	Donepezil
382874	Pilocarpine
382554	Succinylcholine
398023	Ceftibuten
303022	Moxifloxacin
382282	Tricyclic Antidepressants General Statement Trimipramine
382394	Levodopa/Carbidopa
301038	Fenofibrate
397027	Penciclovir
303014	Enfuvirtide
397029	Pramipexole
381001	Protriptyline
396028	Indinavir
382238	Molindone
314002	Hydroxyethyl Starch 130/0.4
315028	cefTAZidime and Avibactam Sodium
394038	Famciclovir
389014	Ganciclovir
379166	Sorbitol
393050	Omeprazole
382020	Levorphanol
382514	Cyclobenzaprine
382617	Tolnaftate
307002	Miglitol
396038	Meropenem
309004	Antithrombin alfa
379084	Indocyanine Green
385023	Clocortolone
385012	Penicillin G Benzathine
379115	Methylcellulose
379070	Gadoterate
382657	Pneumococcal Vaccine
316082	Bezlotoxumab
379086	Insulin Lispro Protamine
317060	Zoster Vaccine Recombinant
382013	HYDROmorphone
379108	Magnesium Trisilicate
379045	Dihydroxyaluminum Aminoacetate
382790	Nystatin
382271	Fluocinolone
382924	Thyroid Agents General Statement
386008	Clobetasol
309003	Eltrombopag
382294	Bacitracin
379153	Sevoflurane
382465	Propylthiouracil
382033	Sodium Lactate
399033	RABEprazole
388006	HMG-CoA Reductase Inhibitors General Lovastatin
306002	Omega-3-acid Ethyl Esters
303044	Darunavir, Cobicistat, Emtricitabine, Tenofovir Fosamprenavir
382186	Phendimetrazine
379119	Mivacurium
315026	Peramivir
390002	Fluconazole
303007	tiZANidine
317061	Latanoprostene Bunod
382131	oxyMORphone
301056	Docosanol
308001	Remifentanil
382390	Doxepin
317043	Delafloxacin
301055	Factor IX (Recombinant), Fc fusion protein Factor IX (Recombinant), glycoPEGylated Factor VIIa (Recombinant)
302010	Chlorhexidine
382068	Hetastarch
382758	Nystatin
382515	Saline Laxatives
397044	Nilutamide
316060	Lixisenatide
385032	Ceftolozane Sulfate and Tazobactam Sodium cefTRIAXone
312009	Linagliptin
382165	Perphenazine
379137	Phoxillum
382743	Corticotropin
382845	Erythromycin Lactobionate
382561	Meningococcal Groups A, C, Y, and W-135 Mumps Virus Vaccine Live
302036	Adefovir
398017	Tioconazole
308027	Ixabepilone
382386	Secobarbital
382391	Erythromycin Ethylsuccinate
379140	Potassium Bitartrate
300010	Repaglinide
317013	Factor XIII A-Subunit (Recombinant)
398018	Sulconazole
301016	Travoprost
303018	Gatifloxacin
397034	Nelfinavir
396001	Saquinavir
307017	Lisdexamfetamine
397005	Varicella Virus Vaccine Live
302024	Voriconazole
382765	Cefotaxime
382216	Chloramphenicol
309018	Ferumoxytol
382307	Opium
396005	metFORMIN
382731	ceFAZolin
379132	Paregoric
382620	Nortriptyline
382855	PHENobarbital
379008	Aluminum Phosphate
300034	Delavirdine
382158	Maprotiline
300014	Montelukast
396037	Cidofovir
382208	Desoximetasone
308024	Bendamustine
382382	Clindamycin
379010	Ammonium Lactate
382381	Erythromycin
382187	Phentermine
317067	Semaglutide
302029	Estramustine
301007	Nateglinide
308038	Protein C (Human)
379076	Halobetasol
311009	Dabigatran
381036	Acyclovir
392003	Fludarabine
395011	traMADol
395010	valACYclovir
382157	Colestipol
307015	Levocetirizine
386004	Betaxolol
379092	Iothalamate Sodium
382189	Doxapram
397045	Flutamide
379049	Docusate Calcium
382370	Iodoquinol
305002	Sertaconazole
397019	Butenafine
379054	Ether
379179	Teicoplanin
382849	Bethanechol
317036	Abaloparatide
382681	Lactobacillus Acidophilus
382117	Meperidine
379097	Levonorgestrel
316049	Asfotase Alfa
398024	Cefpodoxime
318018	Pegvaliase-pqpz
382462	Liothyronine
382205	Topical Corticosteroids General Statement Triamcinolone
382019	Thrombin (Bovine)
316037	Coagulation Factor X Human
316009	Alirocumab
398013	rOPINIRole
399024	Ganirelix
379090	Iopanoic Acid
317016	Telotristat
382393	Erythromycin Estolate
379062	Florbetapir F18
318016	Erenumab-aooe
382418	Amobarbital
318035	Pilocarpine
393026	Terbinafine
389002	Diclofenac
382436	Urea
311005	sAXagliptin
382578	Carisoprodol
302004	Desloratadine
313032	Factor XIII
382660	Tobramycin
395004	fluvoxaMINE
379116	Metipranolol
316048	Patiromer
382351	Homatropine
395009	Nalmefene
379102	Magaldrate
399035	Sodium Ferric Gluconate
316057	Rolapitant
382902	Amphetamines General Statement
382559	Measles Virus Vaccine Live
392030	Simvastatin
382075	Antihemophilic Factor (Human)
379089	Iohexol
382175	Secretin
395016	Poliovirus Vaccine Inactivated
392015	Etodolac
396006	Dalteparin
382044	Erythromycin
382813	Yellow Fever Vaccine
382171	Tromethamine
399016	Pioglitazone
397901	Antiretroviral Agents General Statement
301015	Bimatoprost
382416	PENTobarbital
382311	Loxapine
301024	Imatinib
315032	Ibrutinib
314015	Peginterferon Alfa
319009	Caplacizumab-yhdp
382160	Trihexyphenidyl
379004	Allantoin
394027	Antihemophilic Factor (Recombinant)
314010	Levomilnacipran
316076	Deoxycholic Acid
382276	Trifluridine
386012	Butoconazole
311033	Spinosad
384040	Malathion
301047	Alitretinoin
379018	Barium Sulfate
319005	Ketamine
382069	Amphetamine
387010	Aztreonam
379088	Iodixanol
395005	Nefazodone
303032	Atazanavir
310022	Desirudin
308022	Anagrelide
382289	DAUNOrubicin
316081	Olaratumab
311024	Vandetanib
382399	Clindamycin
318005	Ozenoxacin
379138	Polyethylene Glycol
379025	Butalbital
382733	Cephalexin
393015	Cladribine
382288	Phenylephrine
395003	Hepatitis A Virus Vaccine Inactivated
382219	Natamycin
389011	metroNIDAZOLE
399004	Efavirenz
300043	Lopinavir and Ritonavir
317063	Benralizumab
382093	Aminocaproic Acid
314017	Lomitapide
393001	Ketorolac
385015	Penicillin V
300035	Nevirapine
315001	Belinostat
379071	Gallium Ga68 Dotatate
393005	Sargramostim
379046	Dihydroxyaluminum Sodium Carbonate
379104	Magnesium Citrate
313048	Dimethyl Fumarate
397009	Mirtazapine
303043	Memantine
379113	Methoxyflurane
301065	Frovatriptan
382006	Floxuridine
395020	Lansoprazole
308004	Sapropterin
313008	Icosapent Ethyl
382272	Halcinonide
382879	Salicylate Salts
318051	Sarecycline
300036	Cevimeline
316027	Palbociclib
398021	Cefepime
382404	Carbachol
382577	Chlorzoxazone
315009	Oritavancin
382669	Gentamicin
379023	Botulism Equine Trivalent Antitoxin
398032	PARoxetine
318048	Cemiplimab-rwlc
397007	Zafirlukast
386013	Imipenem and Cilastatin
382748	metyroSINE
306015	Darunavir
316006	Ganciclovir
317015	Anthrax Immune Globulin IV (Human)
379006	Aluminum Carbonate
315016	Adenovirus Vaccine Live Oral
317052	DAUNOrubicin and Cytarabine
382519	fentaNYL
382473	Norethindrone
315008	Dalbavancin
317045	Naltrexone And Bupropion
393014	Japanese Encephalitis Vaccine
394036	Prednicarbate
382844	Charcoal, Activated
308007	Etravirine
301029	Cetrorelix
307005	Telbivudine
398035	PACLitaxel
379014	Asunaprevir
303042	DAPTOmycin
310025	Denosumab
382586	Thiamine
379055	Ethiodized Oil
302009	Chlorhexidine
304022	Apomorphine
313040	Trametinib Dimethyl Sulfoxide
382159	Ibuprofen
307032	Elvitegravir, Cobicistat, Emtricitabine, and Elvitegravir, Cobicistat, Emtricitabine, and Raltegravir
379162	Sodium Salicylate
379007	Aluminum Hydroxide
379058	Ferric Pyrophosphate Citrate
319008	Rifamycin
382387	Desipramine
397038	Loratadine
302006	Pegfilgrastim; -jmdb; -cbqv
382576	Dantrolene
300047	Meloxicam
382635	Irrigating Solutions
382651	Lindane
385904	Natural Penicillins General Statement
310026	Ulipristal
317066	Vestronidase Alfa-vjbk
379126	Nitrous Oxide
302043	Teriparatide
382930	Cephalosporins General Statement
316028	Sonidegib
381038	traZODone
382023	Primidone
396016	Glimepiride
313003	Ziv-aflibercept
316030	Trifluridine and Tipiracil
379050	Docusate Sodium
316041	Ivabradine Hydrochloride
317032	Durvalumab
379142	Propylene Glycol
382028	Methsuximide
313012	Velaglucerase Alfa
310002	Tapentadol
308014	Desvenlafaxine
382940	Erythromycins General Statement
304006	Cetuximab
382292	Bacitracin
317055	Copanlisib
316056	Netupitant/Fosnetupitant
379077	Halothane
318043	Doravirine
379159	Sodium Hypochlorite
379158	Sodium Citrate
316052	Reslizumab
382511	Undecylenic Acid
382504	Sodium Thiosulfate
308006	Antithrombin III
389004	Oxiconazole
315018	Pembrolizumab
307034	Acitretin
382560	Rubella Virus Vaccine Live
382389	Imipramine
396015	Acarbose
379052	Enflurane
313004	Bosutinib
392023	Ondansetron
379165	Somatropin
379178	Sulfur hexafluoride lipid type A microspheres Technetium Tc99
382402	Pyrazinamide
382806	Rho(D) Immune Globulin
302012	Fondaparinux
394020	Venlafaxine
304011	Telithromycin
398001	Cefdinir
382751	Vancomycin
387012	Clofazimine
311021	Rilpivirine
310004	romiDEPsin
305049	Nepafenac
318050	Galcanezumab-gnlm
385019	Nafcillin
382207	Desonide
313037	PONATinib
317062	Letermovir
304009	Cinacalcet
302011	Nafarelin
382491	Codeine
300013	Entacapone
387007	Zidovudine
309020	Fibrinogen (Human)
316024	Ixazomib Citrate
382134	Methadone
385902	Aminopenicillins General Statement
382679	Diphenoxylate
382297	Lomustine
304018	Olsalazine
395023	Ifosfamide
300011	Alosetron
301012	Galantamine
387005	Flurbiprofen
395026	Influenza Virus Vaccine Inactivated
382942	Barbiturates General Statement
314001	Dextromethorphan and quiNIDine
316001	Blinatumomab
318062	Emapalumab-lzsg
312004	Crizotinib
303024	Laronidase
309019	Prasugrel
306009	Insulin Glulisine
317056	Meropenem and Vaborbactam
317022	Ribociclib
379091	Iothalamate Meglumine
318053	Elapegademase-lvlr
315037	Siltuximab
381045	Acyclovir
396023	SUMAtriptan
379083	Hydroxypropyl Cellulose
399003	Capecitabine
382119	Thioridazine
384007	Dicyclomine
301025	Balsalazide
382753	Clotrimazole
301063	Tenofovir Disoproxil Fumarate
382812	Typhoid Vaccine
314019	Vortioxetine
399001	Citalopram
303031	Influenza Vaccine Live Intranasal
317047	L-Glutamine
306010	Ranolazine
317034	Midostaurin
382324	Pentazocine
379175	Suramin sodium
381051	Hepatitis B Immune Globulin
313029	Pasireotide
379020	Benzhydrocodone
301036	Sacrosidase
381034	HYDROcodone
391005	Ofloxacin
379197	Tranexamic Acid
303038	Palonosetron
317001	Rucaparib
303023	Agalsidase Beta
396019	Gemcitabine
382040	chlorproMAZINE
397031	Tazarotene
315022	Nivolumab
392036	Finasteride
316031	Venetoclax
386011	Levobunolol
394016	Rocuronium
379180	Thiamylal
382258	Selenium Sulfide
393003	Atovaquone
302032	Tegaserod
317035	Cerliponase Alfa
301059	Clopidogrel
382161	Procyclidine
379051	Drax Exametazime
382929	Aminoglycosides General Statement
301062	Anthrax Vaccine Adsorbed
301050	Basiliximab
398034	Palivizumab
382037	Diethylpropion
395013	Vinorelbine
395017	CARBOplatin
318065	Glasdegib
312025	Aflibercept
382188	Methylphenidate
313026	Teduglutide
307009	Vorinostat
399012	Abacavir
396034	Irinotecan
306018	Decitabine
385024	Amoxicillin/Clavulanate
308017	Nilotinib
379011	Amsacrine
313018	Taliglucerase Alfa
382544	Ethionamide
382459	Gonadotropin, Chorionic
316029	Trabectedin
396040	mitoXANTRONE
398036	Tolcapone
399037	Quinupristin/Dalfopristin
382780	Potassium Supplements
382421	Dibucaine
311029	Fidaxomicin
397003	Latanoprost
304015	azaCITIDine
305004	Clofarabine
396002	Azelaic Acid
382353	Tropicamide
382222	Cytarabine
315007	Ramucirumab
389009	miSOPROStol
382425	Ethyl Chloride
382833	Crotamiton
379171	Strontium Sr-89 Chloride
305018	Ibandronate
387001	Peritoneal Dialysis Solutions
382495	HYDROcodone
379141	Prismasol
306012	Nelarabine
303019	Gemifloxacin
399002	Celecoxib
301014	Arsenic Trioxide
303026	Bortezomib
393021	Ampicillin/Sulbactam
381033	Tolmetin
317006	Von Willebrand Factor (recombinant)
382392	Erythromycin
382933	Insulins General Statement
318010	Antineoplastic Agents General Statement Apalutamide
379192	Voxilaprevir
313045	Crofelemer
381041	Rabies Immune Globulin
316020	Alectinib
382060	Carmustine
306023	Ranibizumab
384044	Cefuroxime
379026	Calaspargase pegol-mknl
393016	Enoxaparin
316008	Elosulfase Alfa
379186	Trimethadione
388004	Mupirocin
382596	Vasopressin
305022	Pramlintide
315023	Droxidopa
307021	Cisatracurium
316026	Osimertinib
318061	Cenegermin-bkbj
382224	DACTINomycin
313036	Prothrombin Complex Concentrate
382509	Scopolamine
313002	Carfilzomib
300048	Insulin Aspart
308040	Ciclesonide
310016	Dalfampridine
318056	Moxetumomab-tdfk
301026	Eflornithine
302022	Ibritumomab
382214	Flurandrenolide
301060	Peginterferon Alfa
382132	oxyCODONE
300020	Valrubicin
389006	FLUoxetine
317053	Selenious Acid
379100	Lusutrombopag
307012	Retapamulin
382415	mitoMYcin
300029	Bexarotene
382398	Procainamide
382860	Colistimethate
382670	Neomycin
303027	ZOLMitriptan
301001	Dolasetron
397006	Topotecan
318036	Migalastat
317054	Inotuzumab
397021	Insulin Lispro
382280	Loperamide
379134	Pegademase bovine
382668	Nalbuphine
382848	vinBLAStine
382729	Cefaclor
384053	Streptozocin
382318	Chloroquine
382506	Benzalkonium
301061	Interferon Alfa
301068	Dexmethylphenidate
314005	Ospemifene
385020	Oxacillin
300012	Verteporfin
382464	methIMAzole
382180	Haloperidol
379160	Sodium Iodide I-131
382826	Heparin
397030	Cytomegalovirus Immune Globulin IV
311007	Cabazitaxel
301028	Fluticasone
302033	Oxaliplatin
385026	Vecuronium
382800	Cortisone Acetate
304005	PEMEtrexed
303039	Miglustat
382133	Morphine
382875	Diphenidol
316005	Dinutuximab
305001	Acamprosate
395036	Ticlopidine
301054	Choriogonadotropin Alfa
318031	Patisiran
300009	Sirolimus
315036	Lenvatinib
313010	Influenza Vaccine Recombinant
318052	Duvelisib
317050	Neratinib
382589	Pantothenic Acid
307004	Panitumumab
382923	Progestins General Statement
384055	Etoposide
302031	Rasburicase
313023	Antituberculosis Agents General Statement Bedaquiline
382708	Fluorouracil
316022	Daratumumab
304028	Erlotinib
301039	Almotriptan
303037	IDArubicin
316064	Obiltoxaximab
382234	Lidocaine
382151	Iodoquinol
310013	Alglucosidase Alfa
382408	Disopyramide
379183	Tiopronin
318023	Encorafenib
379033	Choline Salicylate
317058	Abemaciclib
311026	Canakinumab
319006	Tagraxofusp-erzs
382417	Butabarbital
382155	Benztropine
392049	Itraconazole
382867	Thiothixene
314016	Ceritinib
316051	Mepolizumab
305009	Vaccinia Immune Globulin IV
309010	Febuxostat
382184	Methamphetamine
382089	Phenelzine
397049	Carbonic Anhydrase Inhibitors General Dorzolamide
379194	Yttrium-90 Ibritumomab tiuxetan
317014	Brodalumab
382231	Phenazopyridine
382400	Lincomycin
379107	Magnesium Salicylate
314007	Afatinib
311018	Ipilimumab
310021	Bepotastine
318034	Mogamulizumab-kpkc
382482	TOLAZamide
382220	Melphalan
314011	Simeprevir
310003	Ofatumumab
382164	Biperiden
379053	Ethadione
316025	Necitumumab
317059	Acalabrutinib
392045	Teniposide
303003	Eletriptan
312011	Brentuximab
382815	Immune Globulin
382904	MAO Inhibitors General Statement
382759	Antivenin (Latrodectus mactans) (Equine)
317030	Niraparib
394008	Calcipotriene
382094	Procarbazine
382943	Miotics General Statement
381028	Mefenamic Acid
318066	Gilteritinib
316007	Talimogene Laherparepvec
382913	Anticonvulsants General Statement
303017	Aprepitant/Fosaprepitant
309011	Rufinamide
379146	Riboflavin 5'-phosphate
382550	Ethambutol
379066	Fusidate Sodium
382064	Amantadine
313005	Enzalutamide
312018	Deferiprone
301027	Zonisamide
388021	Mesalamine
307028	Deferasirox
315045	Bazedoxifene
379039	Desflurane
390001	Ketorolac
382479	chlorproPAMIDE
317038	Edaravone
382223	Mechlorethamine
307039	Factor IX (Recombinant)
379110	Manganese Chloride
398022	Cefprozil
307016	Arformoterol
382227	Edrophonium
319007	Tafenoquine
382792	Dexamethasone
301033	Rizatriptan
310008	Lacosamide
301042	Antithymocyte Globulin (Rabbit)
303035	Emtricitabine
310001	PRALAtrexate
309025	Dronedarone
312012	Vismodegib
314020	Tasimelteon
304024	Imiglucerase
381042	Rabies Vaccine
379047	Dimethyl Sulfoxide
382113	Ammonia Spirit, Aromatic
379103	Magnesium Carbonate
382673	Allopurinol
379169	Sterile Water
382587	Pyridoxine
393002	Oxaprozin
314006	Linaclotide
382711	Colchicine
397016	Betaine
385017	Dicloxacillin
316074	Cobicistat
382799	Betamethasone
394033	Stavudine
382287	Meclofenamate
379196	PrabotulinumtoxinA-xvfs
398010	Imiquimod
384045	Piroxicam
311004	Fingolimod
315035	Panobinostat
303012	Mexiletine
315015	Botulism Antitoxin (Equine)
391006	Didanosine
399009	Eptifibatide
381032	Sodium Thiosalicylate
397035	Fexofenadine
308039	Rilonacept
382487	Atropine
382248	Busulfan
318064	Larotrectinib
315002	Perampanel
382429	Pramoxine
382088	Tranylcypromine
399030	epiRUBicin
385025	Antithymocyte Globulin (Equine)
394011	Granisetron
398020	Adapalene
382005	Fluorouracil
398015	Fomepizole
312001	Vemurafenib
397047	Bicalutamide
318038	Sodium Zirconium Cyclosilicate
316069	Ixekizumab
382401	Isoniazid
318049	Dacomitinib
311015	Collagenase Clostridium Histolyticum
382730	Cefadroxil
381052	Hepatitis B Vaccine Recombinant
312015	Glucarpidase
310011	Idursulfase
379057	Faldaprevir
317033	Brigatinib
317065	Emicizumab-kxwh
382870	Fluorometholone
317023	Avelumab
305011	Pegaptanib
316032	Defibrotide Sodium
382549	Fludrocortisone
302019	Fulvestrant
308015	Altretamine
382656	Gentian Violet
388017	Apraclonidine
382424	Benzocaine
317041	Prasterone
318002	Netarsudil
382488	Cyclopentolate
306021	Dronabinol
385901	Preface to Penicillins
379139	Porfimer
382585	Riboflavin
312030	Ticagrelor
379131	Paramethadione
306017	Doxycycline
382640	Benzonatate
318060	Lorlatinib
382517	Pralidoxime
318024	Plazomicin
315017	Vedolizumab
316016	Flibanserin
305047	Glatiramer
382380	Mitotane
305039	Galsulfase
396031	DOCEtaxel
306001	SORAfenib
396013	Riluzole
314026	Tavaborole
399039	Tirofiban
384060	glipiZIDE
389003	Minoxidil
382915	Sulfonamides General Statement
382794	prednisoLONE
313047	Teriflunomide
384004	Triazolam
382662	Neomycin
318030	Tildrakizumab-asmn
382467	HYDROXYprogesterone
313007	Pertuzumab
313027	Cabozantinib
301049	Denileukin
316003	Miltefosine
382919	Nitrates and Nitrites General Statement
381037	Sulindac
314014	Cysteamine
382328	Ethotoin
300040	Bexarotene
316011	Daclatasvir
384036	CISplatin
382750	Dacarbazine
316021	Atezolizumab
316015	Cobimetinib
314013	Obinutuzumab
316050	Sebelipase Alfa
382601	Amantadine
317008	Oxymetazoline
303005	Tretinoin
308036	Fibrin Sealant
315039	Umeclidinium
315010	Tedizolid
307006	Lapatinib
379002	Alcohol, Isopropyl
382821	Thiotepa
395033	buPROPion
315024	Secukinumab
302030	Sodium Oxybate
305045	Mometasone
379145	Radium Ra-223 Dichloride
316013	Vorapaxar
303025	Gefitinib
392004	Pentostatin
382588	Niacin/Niacinamide
318057	Talazoparib
382221	DOXOrubicin
316078	Eliglustat
308009	Doripenem
316058	Cholic Acid
382871	Hydrocortisone
382552	Neuromuscular Blocking Agents General Pancuronium
395014	Abciximab
315030	Olaparib
300001	Aminolevulinic Acid
379181	Thiobutabarbital
384038	Varicella Zoster Immune Globulin
382099	Thioguanine
382472	Progesterone
395025	Alendronate
315049	Peginterferon Beta-1a
301004	Risedronate
313039	Dabrafenib
303013	Milrinone
306008	Lubiprostone
318045	Eravacycline
382004	Hydroxyurea
300004	Dexmedetomidine
381039	Lithium
300030	Gemtuzumab
382804	Tetanus Immune Globulin
394009	Doxepin
317026	Etelcalcetide
387004	Buprenorphine
381049	Sucralfate
303010	Flurbiprofen
382793	Hydrocortisone
319003	Amifampridine
382252	Phenylephrine
313041	Ado-Trastuzumab
313013	Ingenol Mebutate
308037	Sinecatechins
399019	Trastuzumab
317009	Deflazacort
306007	SUNItinib
300021	levETIRAcetam
395035	Tacrolimus
379148	Ringer's
382110	Electrolytes
306025	Conivaptan
302005	Nitisinone
311019	eriBULin
398014	tiaGABine
382077	Meprobamate
384003	Temazepam
382880	Salsalate
382246	hydrALAZINE
379182	Tiludronate
381043	ISOtretinoin
399025	Temozolomide
304003	Epinastine
316023	Elotuzumab
313033	Regorafenib
396017	Ibutilide
384037	Diflunisal
315044	Brimonidine
398029	riMANTAdine
308023	Acetic Acid
392022	Nabumetone
384058	glyBURIDE
304008	Bevacizumab
311011	Pegloticase
382492	Dextromethorphan
310015	Vigabatrin
379114	Methyl Aminolevulinate
382448	Podophyllum Resin
382146	Aminosalicylic Acid
300008	Dofetilide
302001	Ertapenem
379093	Isocarboxazid
382494	guaiFENesin
312013	Ruxolitinib
379098	Liver Extract
382808	Diphtheria Antitoxin
311027	Abiraterone
310007	Iloperidone
302002	Dutasteride
301020	Fosphenytoin
304030	Natalizumab
304016	rifAXIMin
382147	Capreomycin
382747	Methylene Blue
382078	chlordiazePOXIDE
391003	Estazolam
307013	Temsirolimus
384010	Hyoscyamine
312016	Indacaterol
315040	Cangrelor
306020	Dasatinib
303041	Vardenafil
382795	methylPREDNISolone
318040	Stiripentol
318027	Elagolix
382899	Chlorambucil
395001	Salmeterol
309016	Artemether and Lumefantrine
382125	Bleomycin
382130	sulfADIAZINE
313028	Omacetaxine
382321	Pyrimethamine
382796	predniSONE
313022	Aclidinium
315006	Mechlorethamine
388005	busPIRone
303046	Botulism Immune Globulin IV
310010	PAZOPanib
317025	Dupilumab
382822	vinCRIStine
304014	Tinidazole
387009	Amiodarone
379150	Samarium Sm-153 Lexidronum
382026	Citrate Salts
399032	Thalidomide
379038	Dehydroemetine
317042	Trientine
311017	Belimumab
382877	Dextranomer
382754	methazolAMIDE
307003	Paliperidone
317011	Plecanatide
301022	valGANciclovir
312017	Axitinib
316070	Sugammadex
308033	Methylnaltrexone
384012	Mepenzolate
318047	Cannabidiol
393040	Interferon Beta
384014	Methscopolamine
384022	Glycopyrrolate
382749	Norepinephrine
382508	Carbol-Fuchsin
312008	Belatacept
379156	Smallpox Immune Globulin
384066	SUFentanil
311014	Alcaftadine
300038	Atovaquone and Proguanil
397039	Mefloquine
379133	Paritaprevir
393027	Felbamate
301052	Zoledronic Acid
382148	cycloSERINE
315004	Vilanterol
398011	Podofilox
318020	Lofexidine
316059	Obeticholic Acid
384006	Clidinium
392021	Gallium Nitrate
301053	Nedocromil
382591	Folic Acid
317049	Enasidenib
306022	Nabilone
379187	Trolamine Salicylate
311013	Lurasidone
382873	prednisoLONE
308032	Ciclesonide
318022	Binimetinib
301037	Brinzolamide
316002	Naloxegol
316047	Pimavanserin
313006	Ocriplasmin
386009	Flecainide
379048	Diphylline
315019	Idelalisib
318054	Omadacycline
316019	Raxibacumab
382869	Dexamethasone
318003	Hydrogen Peroxide
390009	Quazepam
308031	Difluprednate
382322	quiNINE Sulfate
316044	Brivaracetam
379032	Cetirizine
399008	Loteprednol
303011	Mycophenolate
392024	Pamidronate
396035	Rimexolone
382348	Isosorbide
382581	Etidronate
301018	Pemirolast
305040	Tigecycline
317037	Safinamide
399031	Zaleplon
300022	Linezolid
302042	Atomoxetine
308025	LEVOleucovorin
382608	Minoxidil
318059	Revefenacin
315005	Eslicarbazepine
316004	Eluxadoline
384021	Belladonna
384020	Propantheline
379129	Oxtriphylline
318026	Ivosidenib
305005	Eszopiclone
304027	Lutropin Alfa
315034	Sucroferric Oxyhydroxide
382320	Primaquine
393025	Zolpidem
382704	clomiPHENE
303020	Interferon Gamma
305044	Ramelteon
301030	OXcarbazepine
315038	Olodaterol
382941	Antineoplastic Agents General Statement
382179	Droperidol
317024	Ocrelizumab
382881	Rauwolfia Alkaloids
317048	Sofosbuvir, Velpatasvir, Voxilaprevir
382664	Gentamicin
308028	Alvimopan
303004	Nitazoxanide
316073	Daclizumab
382295	Griseofulvin
318001	Benznidazole
382050	Oxazepam
379024	Bretylium
379074	Glycine
318019	Baricitinib
305019	Fluocinolone
396042	Midodrine
317046	Guselkumab
382241	Sodium Nitroprusside
317039	Sarilumab
316042	Avanafil
379037	Dasabuvir
382051	Flurazepam
305012	Ziconotide
309026	Tolvaptan
315027	Suvorexant
381031	Salicylamide
314023	Nitroglycerin
382346	Nitroglycerin
395008	Losartan
398002	Propafenone
317027	Naldemedine
379174	Sultiame
391001	cloZAPine
382103	Demeclocycline
316045	Brexpiprazole
308018	Fenoldopam
399010	Orlistat
392026	Quinapril
314012	Dasabuvir, Ombitasvir, Paritaprevir, and Sofosbuvir
379012	Artesunate
384001	ALPRAZolam
304010	Adenosine
317057	Secnidazole
307010	Aliskiren
382201	Chloral Hydrate
315033	Ferric Citrate
316046	Cariprazine
382831	Isoxsuprine
382097	Ergoloid Mesylates
312003	Azilsartan
302015	Candesartan
316014	Elbasvir and Grazoprevir
382918	Thiazides General Statement
382693	Trimethobenzamide
302013	Eprosartan
316043	Sacubitril and Valsartan
395022	Alprostadil
379036	Cyclizine
301051	Nesiritide
382707	Papaverine
303030	Alfuzosin
398009	Irbesartan
382695	Prochlorperazine
309015	Silodosin
384028	NIFEdipine
398012	Tamsulosin
366000	Thyroid Function
362400	Circulation Time
367600	Sweating
361200	Blood Volume
362600	Diabetes Mellitus
363600	Gastric Function
368000	Trichinosis
364800	Lymphogranuloma Venereum
366200	Phenylketonuria
366400	Pheochromocytoma
367200	Scarlet Fever
360000	Diagnostic Agents
361600	Brucellosis
360800	Amyloidosis
363000	Drug Hypersensitivity
362800	Diphtheria
363800	Intestinal Absorption