Antihistamine Drugs	40000
Antihistamines General Statement 	382920
First Generation Antihistamines	40400
Brompheniramine 	382545
Carbinoxamine 	382883
Chlorpheniramine 	382543
Clemastine 	382542
Cyproheptadine 	382541
diphenhydrAMINE 	382539
Doxylamine 	382537
Promethazine 	382752
Triprolidine 	382533
dimenhyDRINATE 	382140
hydrOXYzine 	382866
Meclizine 	382548
Ethanolamine Derivatives	40404
Carbinoxamine 	382883
Clemastine 	382542
diphenhydrAMINE 	382539
Doxylamine 	382537
Ethylenediamine Derivatives	40408
Phenothiazine Derivatives	40412
Promethazine 	382752
Piperazine Derivatives	40416
Propylamine Derivatives	40420
Brompheniramine 	382545
Chlorpheniramine 	382543
Triprolidine 	382533
Miscellaneous Derivatives	40492
Cyproheptadine 	382541
Second Generation Antihistamines	40800
Acrivastine 	394040
Cetirizine 	398026
Desloratadine 	302004
Fexofenadine 	397035
Levocetirizine 	307015
Loratadine 	397038
Lodoxamide 	394014
Other Antihistamines	49200
Cimetidine 	382256
Emedastine 	399007
Famotidine 	387011
hydrOXYzine 	382866
Ketotifen 	399018
Nizatidine 	394030
Olopatadine 	399006
raNITIdine 	384046
Anti-infective Agents	80000
Anthelmintics	80800
Albendazole 	397043
Bithionol 	379021
Diethylcarbamazine 	379044
Ivermectin 	304023
Mebendazole 	382315
Moxidectin 	379122
Praziquantel 	384064
Pyrantel 	382820
Triclabendazole 	379185
Antibacterials	81200
Aminoglycosides	81202
Amikacin 	382661
Aminoglycosides General Statement 	382929
Gentamicin 	382664
Neomycin 	382662
Plazomicin 	318024
Streptomycin 	382665
Tobramycin 	382660
Paromomycin 	382152
Cephalosporins	81206
Cephalosporins General Statement 	382930
First Generation Cephalosporins	8120604
Cefadroxil 	382730
ceFAZolin 	382731
Cephalexin 	382733
Second Generation Cephalosporins	8120608
Cefaclor 	382729
Cefprozil 	398022
Cefuroxime 	384044
cefoTEtan 	386015
cefOXitin 	382737
Third Generation Cephalosporins	8120612
Cefdinir 	398001
Cefditoren 	301058
Cefixime 	390007
Cefotaxime 	382765
Cefpodoxime 	398024
cefTAZidime 	386007
cefTAZidime and Avibactam Sodium 	315028
Ceftibuten 	398023
Ceftolozane Sulfate and Tazobactam Sodium cefTRIAXone 	385032
Fourth Generation Cephalosporins	8120616
Cefepime 	398021
Fifth Generation Cephalosporins	8120620
Ceftaroline 	311012
Ceftobiprole 	379031
Miscellaneous beta-Lactams	81207
Carbacephems	8120704
Carbapenems	8120708
Doripenem 	308009
Ertapenem 	302001
Imipenem and Cilastatin 	386013
Meropenem 	396038
Meropenem and Vaborbactam 	317056
Cephamycins	8120712
cefoTEtan 	386015
cefOXitin 	382737
Monobactams	8120716
Aztreonam 	387010
Chloramphenicol	81208
Chloramphenicol 	382216
Macrolides	81212
Erythromycins	8121204
Erythromycin 	382392
Erythromycin Estolate 	382393
Erythromycin Ethylsuccinate 	382391
Erythromycin Lactobionate 	382845
Erythromycin Stearate 	382846
Erythromycins General Statement 	382940
Ketolides	8121212
Telithromycin 	304011
Other Macrolides	8121292
Azithromycin 	397037
Clarithromycin 	392005
Fidaxomicin 	311029
Penicillins	81216
Preface to Penicillins 	385901
Natural Penicillins	8121604
Natural Penicillins General Statement 	385904
Penicillin G Benzathine 	385012
Penicillin G Potassium, Penicillin G Sodium Penicillin G Procaine 	385014
Penicillin V 	385015
Aminopenicillins	8121608
Aminopenicillins General Statement 	385902
Amoxicillin 	385001
Amoxicillin/Clavulanate 	385024
Ampicillin 	385002
Ampicillin/Sulbactam 	393021
Penicillinase-resistant Penicillins	8121612
Dicloxacillin 	385017
Nafcillin 	385019
Oxacillin 	385020
Extended-spectrum Penicillins	8121616
Extended-Spectrum Penicillins General Piperacillin and Tazobactam 	394003
Ticarcillin and Clavulanate 	385037
Quinolones	81218
Ciprofloxacin 	388016
Delafloxacin 	317043
Gemifloxacin 	303019
levoFLOXacin 	397040
Moxifloxacin 	300002
Ofloxacin 	391005
Sulfonamides	81220
Co-trimoxazole 	384026
sulfADIAZINE 	382130
sulfaSALAzine 	382204
Sulfonamides General Statement 	382915
Tetracyclines	81224
Demeclocycline 	382103
Doxycycline 	382063
Minocycline 	382101
Tetracycline 	382098
Tetracyclines General Statement 	382911
Aminomethylcyclines	8122404
Omadacycline 	318054
Sarecycline 	318051
Fluorocyclines	8122408
Eravacycline 	318045
Glycylcyclines	8122412
Tigecycline 	305040
Antibacterials, Miscellaneous	81228
Aminocyclitols	8122804
Bacitracins	8122808
Bacitracin 	382292
Cyclic Lipopeptides	8122812
DAPTOmycin 	303042
Glycopeptides	8122816
Dalbavancin 	315008
Oritavancin 	315009
Teicoplanin 	379179
Telavancin 	310005
Vancomycin 	382751
Lincomycins	8122820
Clindamycin 	382399
Lincomycin 	382400
Oxazolidinones	8122824
Linezolid 	300022
Tedizolid 	315010
Polymyxins	8122828
Colistimethate 	382860
Polymyxin B 	382314
Rifamycins	8122830
Rifamycin 	319008
rifAXIMin 	304016
Rifabutin 	393009
rifAMPin 	382403
Rifapentine 	398033
Streptogramins	8122832
Quinupristin/Dalfopristin 	399037
Other Miscellaneous Antibacterials	8122892
Fusidate Sodium 	379066
Antifungals	81400
Allylamines	81404
Terbinafine 	396039
Azoles	81408
Fluconazole 	390002
Isavuconazonium 	315031
Itraconazole 	392049
Ketoconazole 	382816
Posaconazole 	306026
Voriconazole 	302024
Echinocandins	81416
Anidulafungin 	306014
Caspofungin 	301008
Micafungin 	305017
Polyenes	81428
Amphotericin B 	382643
Nystatin 	382790
Pyrimidines	81432
Flucytosine 	382230
Antifungals, Miscellaneous	81492
Griseofulvin 	382295
Pentamidine 	385029
Potassium Iodide 	382498
Antimycobacterials	81600
Antituberculosis Agents	81604
Aminosalicylic Acid 	382146
Antituberculosis Agents General Statement Bedaquiline 	313023
Capreomycin 	382147
cycloSERINE 	382148
Ethambutol 	382550
Ethionamide 	382544
Isoniazid 	382401
Pyrazinamide 	382402
Rifabutin 	393009
rifAMPin 	382403
Rifapentine 	398033
Amikacin 	382661
Ciprofloxacin 	388016
Clarithromycin 	392005
levoFLOXacin 	397040
Moxifloxacin 	300002
Streptomycin 	382665
Antimycobacterials, Miscellaneous	81692
Clofazimine 	387012
Dapsone 	382128
Antivirals	81800
Adamantanes	81804
Amantadine 	382064
riMANTAdine 	398029
Antiretrovirals	81808
Antiretroviral Agents General Statement 	397901
HIV Entry and Fusion Inhibitors	8180804
Enfuvirtide 	303014
Ibalizumab-uiyk 	318012
Maraviroc 	307027
HIV Protease Inhibitors	8180808
Atazanavir 	303032
Darunavir 	306015
Darunavir, Cobicistat, Emtricitabine, Tenofovir Fosamprenavir 	303044
Indinavir 	396028
Lopinavir and Ritonavir 	300043
Nelfinavir 	397034
Ritonavir 	396029
Saquinavir 	396001
Tipranavir 	305041
HIV Integrase Inhibitors	8180812
Bictegravir, Emtracitabine, Tenofovir Dolutegravir 	314004
Dolutegravir and Rilpivirine 	317064
Elvitegravir, Cobicistat, Emtricitabine, and Elvitegravir, Cobicistat, Emtricitabine, and Raltegravir 	307032
HIV Nonnucleoside Reverse Transcriptase Inhibitors	8180816
Delavirdine 	300034
Doravirine 	318043
Efavirenz 	399004
Etravirine 	308007
Nevirapine 	300035
Rilpivirine 	311021
Dolutegravir and Rilpivirine 	317064
HIV Nucleoside and Nucleotide Reverse Transcriptase Inhibitors	8180820
Abacavir 	399012
Didanosine 	391006
Emtricitabine 	303035
lamiVUDine 	396011
Stavudine 	394033
Tenofovir Alafenamide 	316083
Tenofovir Disoproxil Fumarate 	301063
Zidovudine 	387007
Antiretrovirals, Miscellaneous	8180892
Interferons	81820
Interferon Alfa 	301061
Peginterferon Alfa 	301060
Interferon Alfa 	390006
Monoclonal Antibodies	81824
Palivizumab 	398034
Neuraminidase Inhibitors	81828
Oseltamivir 	399040
Peramivir 	315026
Zanamivir 	399021
Nucleosides and Nucleotides	81832
Acyclovir 	381045
Adefovir 	302036
Cidofovir 	396037
Entecavir 	305015
Famciclovir 	394038
Ganciclovir 	389014
Ribavirin 	386021
Telbivudine 	307005
Tenofovir Alafenamide 	316083
valACYclovir 	395010
valGANciclovir 	301022
HCV Antivirals	81840
HCV Cyclophilin Inhibitors*	8184004
HCV Entry Inhibitors*	8184008
HCV Polymerase Inhibitors	8184016
Dasabuvir 	379037
Dasabuvir, Ombitasvir, Paritaprevir, and Sofosbuvir 	314012
Sofosbuvir and Velpatasvir 	317003
Sofosbuvir, Velpatasvir, Voxilaprevir 	317048
Ledipasvir and Sofosbuvir 	315020
HCV Protease Inhibitors	8184020
Asunaprevir 	379014
Faldaprevir 	379057
Glecaprevir 	317051
Glecaprevir And Pibrentasvir 	317051
Paritaprevir 	379133
Simeprevir 	314011
Voxilaprevir 	379192
Dasabuvir, Ombitasvir, Paritaprevir, and Ritonavir Ombitasvir, Paritaprevir, Ritonavir 	316012
HCV Replication Complex Inhibitors	8184024
Daclatasvir 	316011
Elbasvir and Grazoprevir 	316014
Ledipasvir and Sofosbuvir 	315020
Ombitasvir, Paritaprevir, Ritonavir 	316012
Pibrentasvir 	317051
Dasabuvir, Ombitasvir, Paritaprevir, and Ritonavir Sofosbuvir and Velpatasvir 	317003
HCV Antivirals, Miscellaneous*	8184092
Antivirals, Miscellaneous	81892
Baloxavir 	318058
Foscarnet 	392019
Letermovir 	317062
Tecovirimat 	318039
Antiprotozoals	83000
Amebicides	83004
Dehydroemetine 	379038
Iodoquinol 	382151
Paromomycin 	382152
metroNIDAZOLE 	382244
Antimalarials	83008
Artemether and Lumefantrine 	309016
Artesunate 	379012
Atovaquone and Proguanil 	300038
Chloroquine 	382318
Hydroxychloroquine 	382319
Mefloquine 	397039
Primaquine 	382320
Pyrimethamine 	382321
quiNINE Sulfate 	382322
Tafenoquine 	319007
Doxycycline 	382063
Minocycline 	382101
quiNIDine 	382396
Tetracycline 	382098
Tetracyclines General Statement 	382911
Antiprotozoals, Miscellaneous	83092
Atovaquone 	393003
Benznidazole 	318001
metroNIDAZOLE 	382244
Miltefosine 	316003
Nitazoxanide 	303004
Pentamidine 	385029
Secnidazole 	317057
Suramin sodium 	379175
Tinidazole 	304014
Co-trimoxazole 	384026
Dapsone 	382128
Urinary Anti-infectives	83600
Fosfomycin 	397008
Methenamine 	382296
Nitrofurantoin 	382291
Trimethoprim 	384025
Anti-infectives, Miscellaneous	89200
Melarsoprol 	379112
Nifurtimox 	379125
Sodium antimony gluconate 	379157
Sodium Stibogluconate 	379163
Spiramycin 	379168
Antineoplastic Agents	100000
Abemaciclib 	317058
Abiraterone 	311027
Acalabrutinib 	317059
Ado-Trastuzumab 	313041
Afatinib 	314007
Aldesleukin 	392009
Alectinib 	316020
Alemtuzumab 	301034
Altretamine 	308015
Amsacrine 	379011
Antineoplastic Agents General Statement Apalutamide 	318010
Arsenic Trioxide 	301014
Asparaginase (Erwinia chrysanthemi) 	312023
Atezolizumab 	316021
Avelumab 	317023
Axitinib 	312017
azaCITIDine 	304015
Belinostat 	315001
Bendamustine 	308024
Bevacizumab 	304008
Bexarotene 	300029
Bicalutamide 	397047
Binimetinib 	318022
Bleomycin 	382125
Blinatumomab 	316001
Bortezomib 	303026
Bosutinib 	313004
Brentuximab 	312011
Brigatinib 	317033
Busulfan 	382248
Cabazitaxel 	311007
Cabozantinib 	313027
Calaspargase pegol-mknl 	379026
Capecitabine 	399003
CARBOplatin 	395017
Carfilzomib 	313002
Carmustine 	382060
Cemiplimab-rwlc 	318048
Ceritinib 	314016
Cetuximab 	304006
Chlorambucil 	382899
CISplatin 	384036
Cladribine 	393015
Clofarabine 	305004
Cobimetinib 	316015
Copanlisib 	317055
Crizotinib 	312004
Cyclophosphamide 	382080
Cytarabine 	382222
Dabrafenib 	313039
Dacarbazine 	382750
Dacomitinib 	318049
DACTINomycin 	382224
Daratumumab 	316022
Dasatinib 	306020
DAUNOrubicin 	382289
DAUNOrubicin and Cytarabine 	317052
Decitabine 	306018
Denileukin 	301049
Dinutuximab 	316005
DOCEtaxel 	396031
DOXOrubicin 	382221
Durvalumab 	317032
Duvelisib 	318052
Elotuzumab 	316023
Enasidenib 	317049
Encorafenib 	318023
Enzalutamide 	313005
epiRUBicin 	399030
eriBULin 	311019
Erlotinib 	304028
Estramustine 	302029
Etoposide 	384055
Everolimus 	309008
Floxuridine 	382006
Fludarabine 	392003
Fluorouracil 	382005
Flutamide 	397045
Fulvestrant 	302019
Gefitinib 	303025
Gemcitabine 	396019
Gemtuzumab 	300030
Gilteritinib 	318066
Glasdegib 	318065
Hydroxyurea 	382004
Ibritumomab 	302022
Ibrutinib 	315032
IDArubicin 	303037
Idelalisib 	315019
Ifosfamide 	395023
Imatinib 	301024
Inotuzumab 	317054
Interferon Alfa 	390006
Iobenguane I-131 	318029
Ipilimumab 	311018
Irinotecan 	396034
Ivosidenib 	318026
Ixabepilone 	308027
Ixazomib Citrate 	316024
Lapatinib 	307006
Larotrectinib 	318064
Lenalidomide 	306005
Lenvatinib 	315036
Lomustine 	382297
Lorlatinib 	318060
Mechlorethamine 	382223
Melphalan 	382220
Mercaptopurine 	382653
Methotrexate 	382018
Midostaurin 	317034
mitoMYcin 	382415
Mitotane 	382380
mitoXANTRONE 	396040
Mogamulizumab-kpkc 	318034
Moxetumomab-tdfk 	318056
Necitumumab 	316025
Nelarabine 	306012
Neratinib 	317050
Nilotinib 	308017
Nilutamide 	397044
Niraparib 	317030
Nivolumab 	315022
Obinutuzumab 	314013
Ofatumumab 	310003
Olaparib 	315030
Olaratumab 	316081
Omacetaxine 	313028
Osimertinib 	316026
Oxaliplatin 	302033
PACLitaxel 	398035
Palbociclib 	316027
Panitumumab 	307004
Panobinostat 	315035
PAZOPanib 	310010
Pegaspargase 	395031
Peginterferon Alfa 	314015
Pembrolizumab 	315018
PEMEtrexed 	304005
Pentostatin 	392004
Pertuzumab 	313007
Pomalidomide 	313042
PONATinib 	313037
Porfimer 	379139
PRALAtrexate 	310001
Procarbazine 	382094
Ramucirumab 	315007
Regorafenib 	313033
Ribociclib 	317022
riTUXimab 	398003
romiDEPsin 	310004
Rucaparib 	317001
Ruxolitinib 	312013
Siltuximab 	315037
Sonidegib 	316028
SORAfenib 	306001
Streptozocin 	384053
SUNItinib 	306007
Tagraxofusp-erzs 	319006
Talazoparib 	318057
Talimogene Laherparepvec 	316007
Temozolomide 	399025
Temsirolimus 	307013
Teniposide 	392045
Thioguanine 	382099
Thiotepa 	382821
Topotecan 	397006
Trabectedin 	316029
Trametinib Dimethyl Sulfoxide 	313040
Trastuzumab 	399019
Tretinoin 	303005
Trifluridine and Tipiracil 	316030
Valrubicin 	300020
Vandetanib 	311024
Vemurafenib 	312001
Venetoclax 	316031
vinBLAStine 	382848
vinCRIStine 	382822
Vinorelbine 	395013
Vismodegib 	312012
Vorinostat 	307009
Ziv-aflibercept 	313003
Alemtuzumab 	315048
Anastrozole 	396018
Axicabtagene Ciloleucel 	379016
BCG Vaccine 	382809
Degarelix 	309017
Exemestane 	399038
Goserelin 	302008
Histrelin 	304025
Letrozole 	398004
Leuprolide 	385040
Lutetium Lu-177 Dotatate 	318008
Megestrol 	382003
Raloxifene 	398007
Tamoxifen 	382414
Tisagenlecleucel 	379184
Toremifene 	398005
Triptorelin 	300033
Autonomic Drugs	120000
Parasympathomimetic (Cholinergic) Agents	120400
Ambenonium 	382228
Bethanechol 	382849
Cevimeline 	300036
Donepezil 	397032
Galantamine 	301012
Neostigmine 	382226
Physostigmine 	382083
Pilocarpine 	318035
Pyridostigmine 	382229
Rivastigmine 	300028
Anticholinergic Agents	120800
Antiparkinsonian Agents	120804
diphenhydrAMINE 	382539
Antimuscarinics/Antispasmodics	120808
Aclidinium 	313022
Antimuscarinics/Antispasmodics General Atropine 	384024
Belladonna 	384021
Clidinium 	384006
Dicyclomine 	384007
Glycopyrrolate 	384022
Hyoscyamine 	384010
Ipratropium 	395021
Mepenzolate 	384012
Methscopolamine 	384014
Propantheline 	384020
Revefenacin 	318059
Scopolamine 	384023
Tiotropium 	304004
Umeclidinium 	315039
Glycopyrronium 	318033
Sympathomimetic (Adrenergic) Agents	121200
alpha-Adrenergic Agonists	121204
Lofexidine 	318020
Midodrine 	396042
Phenylephrine 	382252
cloNIDine 	382243
Guanabenz 	386003
Methyldopa 	382242
beta-Adrenergic Agonists	121208
Non-selective beta-Adrenergic Agonists	12120804
Isoproterenol 	382606
Selective beta-1-Adrenergic Agonists	12120808
DOBUTamine 	382861
DOPamine 	382529
Selective beta-2-Adrenergic Agonists	12120812
Albuterol/Levalbuterol 	382145
Arformoterol 	307016
Formoterol 	301023
Indacaterol 	312016
Metaproterenol 	382084
Olodaterol 	315038
Salmeterol 	395001
Terbutaline 	382144
Vilanterol 	315004
alpha- and beta-Adrenergic Agonists	121212
Droxidopa 	315023
ePHEDrine 	382253
EPINEPHrine 	382789
Norepinephrine 	382749
Pseudoephedrine 	382619
Sympatholytic (Adrenergic Blocking) Agents	121600
alpha-Adrenergic Blocking Agents	121604
Non-selective alpha-Adrenergic Blocking Agents	12160404
Dihydroergotamine Mesylate 	382191
Ergoloid Mesylates 	382097
Ergotamine 	382096
Phenoxybenzamine 	382059
Phentolamine 	382251
Non-selective alpha-1-Adrenergic Blocking Agents	12160408
Doxazosin 	393045
Prazosin 	382245
Terazosin 	393046
Selective alpha-1-Adrenergic Blocking Agents	12160412
Alfuzosin 	303030
Silodosin 	309015
Tamsulosin 	398012
Carvedilol 	397042
Labetalol 	385034
beta-Adrenergic Blocking Agents	121608
Non-selective beta-Adrenergic Blocking Agents	12160804
Carvedilol 	397042
Labetalol 	385034
Nadolol 	382666
Nebivolol 	308012
Pindolol 	384032
Propranolol 	382607
Sotalol 	393010
Timolol 	384029
Selective beta-Adrenergic Blocking Agents	12160808
Acebutolol 	387003
Atenolol 	384031
Betaxolol 	393047
Bisoprolol 	393024
Esmolol 	387013
Metoprolol 	382864
Skeletal Muscle Relaxants	122000
Centrally Acting Skeletal Muscle Relaxants	122004
Carisoprodol 	382578
Chlorzoxazone 	382577
Cyclobenzaprine 	382514
Metaxalone 	382010
Methocarbamol 	382579
tiZANidine 	303007
Direct-acting Skeletal Muscle Relaxants	122008
Dantrolene 	382576
GABA-derivative Skeletal Muscle Relaxants	122012
Baclofen 	382530
Neuromuscular Blocking Agents	122020
Atracurium 	384052
Cisatracurium 	307021
Mivacurium 	379119
Neuromuscular Blocking Agents General Pancuronium 	382552
Rocuronium 	394016
Succinylcholine 	382554
Vecuronium 	385026
Skeletal Muscle Relaxants, Miscellaneous	122092
Orphenadrine 	382162
AbobotulinumtoxinA 	315012
IncobotulinumtoxinA 	315013
OnabotulinumtoxinA 	305006
RimabotulinumtoxinB 	315014
Autonomic Drugs, Miscellaneous	129200
Nicotine 	384056
Varenicline 	306019
Blood Derivatives	160000
Albumin Human 	382142
Plasma Protein Fraction 	382143
Blood Formation, Coagulation, and Thrombosis Agents	200000
Antianemia Drugs	200400
Darbepoetin Alfa 	301064
Epoetin Alfa 	392034
Iron Preparations	200404
Ferric Carboxymaltose 	315011
Ferric Pyrophosphate Citrate 	379058
Ferumoxytol 	309018
Iron Dextran 	382746
Iron Preparations, Oral 	382778
Iron Sucrose 	301048
Sodium Ferric Gluconate 	399035
Liver and Stomach Preparations	200408
Vitamin B12 	382397
Antithrombotic Agents	201200
Anticoagulants	201204
Coumarin Derivatives	20120408
Warfarin 	382277
Direct Thrombin Inhibitors	20120412
Argatroban 	301006
Bivalirudin 	301002
Dabigatran 	311009
Desirudin 	310022
Direct Factor Xa Inhibitors	20120414
Apixaban 	313017
Betrixaban 	317044
Edoxaban Tosylate 	315041
Rivaroxaban 	312005
Heparins	20120416
Dalteparin 	396006
Enoxaparin 	393016
Heparin 	382826
Anticoagulants, Miscellaneous	20120492
Antithrombin alfa 	309004
Antithrombin III 	308006
Fondaparinux 	302012
Protein C (Human) 	308038
Sodium Citrate 	379158
Platelet-reducing Agents	201214
Anagrelide 	308022
Platelet-aggregation Inhibitors	201218
Abciximab 	395014
Cangrelor 	315040
Cilostazol 	301045
Clopidogrel 	301059
Eptifibatide 	399009
Prasugrel 	309019
Ticagrelor 	312030
Ticlopidine 	395036
Tirofiban 	399039
Vorapaxar 	316013
Aspirin 	382878
Dipyridamole 	382830
Thrombolytic Agents	201220
Alteplase 	389001
Reteplase 	301057
Tenecteplase 	300037
Aspirin 	382878
Antithrombotic Agents, Miscellaneous	201292
Caplacizumab-yhdp 	319009
Defibrotide Sodium 	316032
Hematopoietic Agents	201600
Avatrombopag 	318017
Darbepoetin Alfa 	301064
Eltrombopag 	309003
Epoetin Alfa; -epbx 	392034
Filgrastim; -sndz, Tbo-filgrastim 	392033
Lusutrombopag 	379100
Methoxy Polyethylene Glycol-Epoetin Beta Oprelvekin 	308005
Pegfilgrastim; -jmdb; -cbqv 	302006
Plerixafor 	309002
romiPLOStim 	308030
Sargramostim 	393005
Hemorrheologic Agents	202400
Pentoxifylline 	385027
Dextran 40 	382066
Antihemorrhagic Agents	202800
Antiheparin Agents	202808
Protamine 	382278
Hemostatics	202816
Aminocaproic Acid 	382093
Antihemophilic Factor (Human) 	382075
Antihemophilic Factor (Recombinant) 	394027
Antihemophilic Factor (Recombinant), Fc fusion Antihemophilic Factor (Recombinant), Antihemophilic Factor (Recombinant), Antihemophilic Factor (Recombinant), Porcine Anti-inhibitor Coagulant Complex 	394028
Coagulation Factor X Human 	316037
Emicizumab-kxwh 	317065
Factor IX (Recombinant) 	307039
Factor IX (Recombinant), Fc fusion protein Factor IX (Recombinant), glycoPEGylated Factor VIIa (Recombinant) 	301055
Factor XIII 	313032
Factor XIII A-Subunit (Recombinant) 	317013
Fibrinogen (Human) 	309020
Prothrombin Complex Concentrate 	313036
Thrombin (Bovine) 	382019
Thrombin (Human) 	309007
Thrombin Alfa 	308035
Tranexamic Acid 	379197
Von Willebrand Factor (recombinant) 	317006
Desmopressin 	382876
Antihemorrhagic Agents, Miscellaneous	202892
Factor Xa (recombinant), inactivated-zhzo idaruCIZUmab 	316040
Blood Formation, Coagulation, and Thrombosis Agents; Miscellaneous	209200
Fostamatinib 	318014
Cardiovascular Drugs	240000
Cardiac Drugs	240400
Antiarrhythmic Agents	240404
Magnesium Sulfate 	382329
Class Ia Antiarrhythmics	24040404
Disopyramide 	382408
Procainamide 	382398
quiNIDine 	382396
Class Ib Antiarrhythmics	24040408
Lidocaine 	382234
Mexiletine 	303012
Phenytoin 	382022
Class Ic Antiarrhythmics	24040412
Flecainide 	386009
Propafenone 	398002
Class II Antiarrhythmics	24040416
Acebutolol 	387003
Atenolol 	384031
Betaxolol 	393047
Bisoprolol 	393024
Carvedilol 	397042
Esmolol 	387013
Labetalol 	385034
Metoprolol 	382864
Pindolol 	384032
Propranolol 	382607
Sotalol 	393010
Timolol 	384029
Class III Antiarrhythmics	24040420
Amiodarone 	387009
Bretylium 	379024
Dofetilide 	300008
Dronedarone 	309025
Ibutilide 	396017
Sotalol 	393010
Class IV Antiarrhythmics	24040424
Adenosine 	304010
dilTIAZem 	384027
Verapamil 	384030
Antiarrhythmics, Miscellaneous	24040492
Cardiac Glycosides General Statement 	382934
Digoxin 	382301
Cardiotonic Agents	240408
Cardiac Glycosides General Statement 	382934
Digoxin 	382301
Milrinone 	303013
DOBUTamine 	382861
DOPamine 	382529
Cardiac Drugs, Miscellaneous	240492
Ivabradine Hydrochloride 	316041
Ranolazine 	306010
Antilipemic Agents	240600
Bile Acid Sequestrants	240604
Cholestyramine 	382672
Colesevelam 	301041
Colestipol 	382157
Cholesterol Absorption Inhibitors	240605
Ezetimibe 	302039
Fibric Acid Derivatives	240606
Fenofibrate 	301038
Gemfibrozil 	386002
HMG-CoA Reductase Inhibitors	240608
Atorvastatin 	300045
Fluvastatin 	394010
HMG-CoA Reductase Inhibitors General Lovastatin 	388006
Pitavastatin 	311003
Pravastatin 	392025
Rosuvastatin 	303040
Simvastatin 	392030
Proprotein Convertase Subtilisin Kexin Type 9 (PCSK9) Inhibitors	240624
Alirocumab 	316009
Evolocumab 	316010
Antilipemic Agents, Miscellaneous	240692
Icosapent Ethyl 	313008
Lomitapide 	314017
Mipomersen 	314018
Niacin 	382518
Omega-3-acid Ethyl Esters 	306002
Hypotensive Agents	240800
alpha-Adrenergic Blocking Agents	240804
Labetalol 	385034
Prazosin 	382245
beta-Adrenergic Blocking Agents	240808
Atenolol 	384031
Esmolol 	387013
Labetalol 	385034
Metoprolol 	382864
Calcium-Channel Blocking Agents	240812
Dihydropyridines	24081208
Clevidipine 	308026
Calcium-Channel Blocking Agents, Miscellaneous	24081292
dilTIAZem 	384027
Verapamil 	384030
Central alpha-Agonists	240816
cloNIDine 	382243
Guanabenz 	386003
guanFACINE 	308013
Methyldopa 	382242
Direct Vasodilators	240820
Fenoldopam 	308018
hydrALAZINE 	382246
Minoxidil 	382608
Sodium Nitroprusside 	382241
Diazoxide 	382247
Diuretics	240824
Carbonic Anhydrase Inhibitors	24082404
acetaZOLAMIDE 	382756
Loop Diuretics	24082408
Bumetanide 	384051
Ethacrynic Acid 	382857
Furosemide 	382858
Torsemide 	394018
Osmotic Diuretics	24082412
Mannitol 	382645
Urea 	382842
Potassium-sparing Diuretics	24082416
aMILoride 	381046
Eplerenone 	302037
Spironolactone 	382627
Triamterene 	382337
Thiazide Diuretics	24082420
Bendroflumethiazide 	382573
Chlorothiazide 	382341
hydroCHLOROthiazide 	382571
Methyclothiazide 	382569
Polythiazide 	382568
Thiazide-like Diuretics	24082424
Chlorthalidone 	382342
Indapamide 	384062
metOLazone 	382345
Diuretics, Miscellaneous	24082492
Theophyllines 	381006
Peripheral Adrenergic Inhibitors	240832
Rauwolfia Alkaloids 	382881
Renin-Angiotensin-Aldosterone System Inhibitors	240844
Angiotensin-Converting Enzyme Inhibitors	24084404
Benazepril 	392011
Enalapril 	386022
Perindopril 	399017
Angiotensin II Receptor Antagonists	24084408
Olmesartan 	302020
Telmisartan 	302016
Mineralocorticoid (Aldosterone) Receptor Antagonists	24084420
Eplerenone 	302037
Spironolactone 	382627
Hypotensive Agents, Miscellaneous	240892
Acebutolol 	387003
Betaxolol 	393047
Captopril 	382823
Carvedilol 	397042
Doxazosin 	393045
Felodipine 	392016
Fosinopril 	392020
Isradipine 	393048
Lisinopril 	392051
Moexipril 	395018
niCARdipine 	395032
niMODipine 	389010
Nisoldipine 	396009
Phenoxybenzamine 	382059
Phentolamine 	382251
Pindolol 	384032
Propranolol 	382607
Ramipril 	392027
Sotalol 	393010
Terazosin 	393046
Timolol 	384029
Trandolapril 	397010
Valsartan 	397015
Vasodilating Agents	241200
Nitrates and Nitrites	241208
Amyl Nitrite 	382344
Isosorbide 	382348
Nitrates and Nitrites General Statement 	382919
Nitric Oxide 	301043
Nitroglycerin 	382346
Phosphodiesterase Type 5 Inhibitors	241212
Avanafil 	316042
Sildenafil 	399015
Tadalafil 	303047
Vardenafil 	303041
Cilostazol 	301045
Vasodilating Agents, Miscellaneous	241292
Alprostadil 	395022
Dipyridamole 	382830
Isoxsuprine 	382831
Nesiritide 	301051
Papaverine 	382707
Ambrisentan 	307014
amLODIPine 	392044
Bosentan 	301066
dilTIAZem 	384027
Epoprostenol 	304017
Iloprost 	305042
Macitentan 	314009
niCARdipine 	395032
niMODipine 	389010
Riociguat 	314008
Selexipag 	316054
Treprostinil 	302021
Verapamil 	384030
Sclerosing Agents	241600
Dehydrated Alcohol 	318028
Morrhuate Sodium 	382057
Polidocanol 	313019
Sodium Tetradecyl Sulfate 	382061
Talc 	304001
alpha-Adrenergic Blocking Agents	242000
Doxazosin 	393045
Prazosin 	382245
Terazosin 	393046
Carvedilol 	397042
Labetalol 	385034
beta-Adrenergic Blocking Agents	242400
Acebutolol 	387003
Atenolol 	384031
Betaxolol 	393047
Bisoprolol 	393024
Carvedilol 	397042
Esmolol 	387013
Labetalol 	385034
Metoprolol 	382864
Nadolol 	382666
Nebivolol 	308012
Pindolol 	384032
Propranolol 	382607
Sotalol 	393010
Timolol 	384029
Calcium-Channel Blocking Agents	242800
Dihydropyridines	242808
amLODIPine 	392044
Clevidipine 	308026
Felodipine 	392016
Isradipine 	393048
niCARdipine 	395032
NIFEdipine 	384028
niMODipine 	389010
Nisoldipine 	396009
Calcium-Channel Blocking Agents, Miscellaneous	242892
dilTIAZem 	384027
Verapamil 	384030
Renin-Angiotensin-Aldosterone System Inhibitors	243200
Angiotensin-Converting Enzyme Inhibitors	243204
Benazepril 	392011
Captopril 	382823
Enalapril 	386022
Fosinopril 	392020
Lisinopril 	392051
Moexipril 	395018
Perindopril 	399017
Quinapril 	392026
Ramipril 	392027
Trandolapril 	397010
Angiotensin II Receptor Antagonists	243208
Azilsartan 	312003
Candesartan 	302015
Eprosartan 	302013
Irbesartan 	398009
Losartan 	395008
Olmesartan 	302020
Telmisartan 	302016
Valsartan 	397015
Mineralocorticoid (Aldosterone) Receptor Antagonists	243220
Eplerenone 	302037
Spironolactone 	382627
Renin Inhibitors	243240
Aliskiren 	307010
Renin-Angiotensin-Aldosterone System Inhibitors, Miscellaneous	243292
Sacubitril and Valsartan 	316043
Cellular and Gene Therapy	260000
Cellular Therapy	260400
Allogeneic Cultured Keratinocytes and Autologous Cultured Chondrocytes 	379015
Azficel-T 	379017
Hematopoietic Progenitor Cells, Cord Blood Sipuleucel-T 	379155
Gene Therapy	261200
Axicabtagene Ciloleucel 	379016
Tisagenlecleucel 	379184
Voretigene Neparvovec-rzyl 	379191
Central Nervous System Agents	280000
General Anesthetics	280400
Barbiturates	280404
Methohexital 	382092
Thiamylal 	379180
Thiobutabarbital 	379181
Inhalation Anesthetics	280416
Desflurane 	379039
Enflurane 	379052
Ether 	379054
Halothane 	379077
Methoxyflurane 	379113
Nitrous Oxide 	379126
Sevoflurane 	379153
General Anesthetics, Miscellaneous	280492
Etomidate 	302038
Ketamine 	319005
Propofol 	302025
Analgesics and Antipyretics	280800
NSAIDs-28	280804
Cyclooxygenase-2 (COX-2) Inhibitors	28080408
Celecoxib 	399002
Salicylates	28080424
Aspirin 	382878
Choline Salicylate 	379033
Magnesium Salicylate 	379107
Salicylate Salts 	382879
Salicylates General Statement 	382944
Salsalate 	382880
Sodium Salicylate 	379162
Trolamine Salicylate 	379187
Other NSAIDs-28	28080492
Diclofenac 	389002
Diflunisal 	384037
Etodolac 	392015
Fenoprofen 	381026
Flurbiprofen 	303010
Ibuprofen 	382159
Indomethacin 	381027
Ketoprofen 	386014
Ketorolac 	390001
Meclofenamate 	382287
Mefenamic Acid 	381028
Meloxicam 	300047
Nabumetone 	392022
Naproxen 	381029
Oxaprozin 	393002
Piroxicam 	384045
Sulindac 	381037
Tolmetin 	381033
Opiate Agonists	280808
Benzhydrocodone 	379020
Codeine 	382065
fentaNYL 	382519
HYDROcodone 	381034
HYDROmorphone 	382013
Levorphanol 	382020
Meperidine 	382117
Methadone 	382134
Morphine 	382133
Opiate Agonists General Statement 	382906
Opium 	382307
oxyCODONE 	382132
oxyMORphone 	382131
Remifentanil 	308001
SUFentanil 	384066
Tapentadol 	310002
traMADol 	395011
Opiate Partial Agonists	280812
Buprenorphine 	387004
Butorphanol 	382667
Nalbuphine 	382668
Pentazocine 	382324
Analgesics and Antipyretics, Miscellaneous	280892
Acetaminophen 	381004
Salicylamide 	381031
Sodium Thiosalicylate 	381032
Ziconotide 	305012
Gabapentin 	394007
Opiate Antagonists	281000
Nalmefene 	395009
Naloxone 	382232
Naltrexone 	385041
Anticonvulsants	281200
Anticonvulsants General Statement 	382913
Barbiturates	281204
PHENobarbital 	382007
Primidone 	382023
Methohexital 	382092
Benzodiazepines	281208
cloBAZam 	313025
clonazePAM 	382279
Benzodiazepines General Statement 	382910
Clorazepate 	382052
diazePAM 	382047
LORazepam 	382053
Midazolam 	387008
Hydantoins	281212
Ethotoin 	382328
Fosphenytoin 	301020
Phenytoin 	382022
Oxazolidinediones	281216
Ethadione 	379053
Paramethadione 	379131
Trimethadione 	379186
Succinimides	281220
Ethosuximide 	382327
Methsuximide 	382028
Anticonvulsants, Miscellaneous	281292
Brivaracetam 	316044
Cannabidiol 	318047
carBAMazepine 	382237
Eslicarbazepine 	315005
Felbamate 	393027
Gabapentin 	394007
Lacosamide 	310008
lamoTRIgine 	395007
levETIRAcetam 	300021
Magnesium Sulfate 	382329
OXcarbazepine 	301030
Perampanel 	315002
Pregabalin 	305048
Rufinamide 	309011
Stiripentol 	318040
Sultiame 	379174
tiaGABine 	398014
Topiramate 	397012
Valproate/Divalproex 	382412
Vigabatrin 	310015
Zonisamide 	301027
acetaZOLAMIDE 	382756
Psychotherapeutic Agents	281600
Antidepressants	281604
Monoamine Oxidase Inhibitors	28160412
Isocarboxazid 	379093
MAO Inhibitors General Statement 	382904
Phenelzine 	382089
Tranylcypromine 	382088
Rasagiline 	306024
Selegiline 	397046
Selective Serotonin- and Norepinephrine-reuptake Inhibitors	28160416
Desvenlafaxine 	308014
DULoxetine 	304021
Levomilnacipran 	314010
Venlafaxine 	394020
Milnacipran 	309009
Selective Serotonin-reuptake Inhibitors	28160420
Citalopram 	399001
Escitalopram 	302034
FLUoxetine 	389006
fluvoxaMINE 	395004
PARoxetine 	398032
Sertraline 	397048
Vilazodone 	311016
Serotonin Modulators	28160424
Nefazodone 	395005
traZODone 	381038
Vilazodone 	311016
Vortioxetine 	314019
Tricyclics and Other Norepinephrine-reuptake Inhibitors	28160428
Amitriptyline 	382388
Amoxapine 	382202
clomiPRAMINE 	397002
Desipramine 	382387
Doxepin 	382390
Imipramine 	382389
Maprotiline 	382158
Nortriptyline 	382620
Protriptyline 	381001
Tricyclic Antidepressants General Statement Trimipramine 	382282
Antidepressants, Miscellaneous	28160492
buPROPion 	395033
Mirtazapine 	397009
Antipsychotics	281608
Atypical Antipsychotics	28160804
ARIPiprazole 	302040
ARIPiprazole w/sensor 	318006
Asenapine 	310014
Brexpiprazole 	316045
Cariprazine 	316046
cloZAPine 	391001
Iloperidone 	310007
Lurasidone 	311013
OLANZapine 	397011
Paliperidone 	307003
Pimavanserin 	316047
QUEtiapine 	398019
risperiDONE 	394015
Ziprasidone 	301013
Butyrophenones	28160808
Haloperidol 	382180
Phenothiazines	28160824
chlorproMAZINE 	382040
fluPHENAZine 	382172
Perphenazine 	382165
Phenothiazines General Statement 	382905
Prochlorperazine 	382116
Thioridazine 	382119
Trifluoperazine 	382121
Thioxanthenes	28160832
Thiothixene 	382867
Antipsychotics, Miscellaneous	28160892
Loxapine 	382311
Molindone 	382238
Pimozide 	386018
Psychotherapeutic Agents, Miscellaneous	281692
Anorexigenic Agents and Respiratory and CNS Stimulants	282000
Amphetamines	282004
Amphetamine 	382069
Amphetamines General Statement 	382902
Benzphetamine 	382070
Dextroamphetamine 	382041
Lisdexamfetamine 	307017
Methamphetamine 	382184
Anorexigenic Agents	282008
Amphetamine Derivatives	28200804
Diethylpropion 	382037
Phendimetrazine 	382186
Phentermine 	382187
Selective Serotonin Receptor Agonists	28200832
Lorcaserin 	313035
Anorexigenic Agents, Miscellaneous	28200892
Naltrexone And Bupropion 	317045
Respiratory and CNS Stimulants	282032
Ammonia Spirit, Aromatic 	382113
Caffeine/Caffeine and Sodium Benzoate 	382194
Dexmethylphenidate 	301068
Doxapram 	382189
Methylphenidate 	382188
Theophyllines 	381006
Wakefulness-promoting Agents	282080
Armodafinil 	310018
Modafinil 	399047
Anorexigenic Agents and Stimulants, Miscellaneous	282092
Anxiolytics, Sedatives, and Hypnotics	282400
Barbiturates	282404
Amobarbital 	382418
Barbiturates General Statement 	382942
Butabarbital 	382417
Butalbital 	379025
PENTobarbital 	382416
PHENobarbital 	382855
Secobarbital 	382386
Benzodiazepines	282408
ALPRAZolam 	384001
Benzodiazepines General Statement 	382910
chlordiazePOXIDE 	382078
Clorazepate 	382052
diazePAM 	382047
Estazolam 	391003
Flurazepam 	382051
LORazepam 	382053
Midazolam 	387008
Oxazepam 	382050
Quazepam 	390009
Temazepam 	384003
Triazolam 	384004
cloBAZam 	313025
clonazePAM 	382279
Anxiolytics, Sedatives, and Hypnotics; Miscellaneous	282492
busPIRone 	388005
Chloral Hydrate 	382201
Dexmedetomidine 	300004
Droperidol 	382179
Eszopiclone 	305005
hydrOXYzine 	382866
Meprobamate 	382077
Promethazine 	382284
Ramelteon 	305044
Suvorexant 	315027
Tasimelteon 	314020
Zaleplon 	399031
Zolpidem 	393025
diphenhydrAMINE 	382539
Doxylamine 	382537
Propofol 	302025
Antimanic Agents	282800
Lithium 	381039
ARIPiprazole 	302040
ARIPiprazole w/sensor 	318006
Asenapine 	310014
carBAMazepine 	382237
lamoTRIgine 	395007
OLANZapine 	397011
QUEtiapine 	398019
risperiDONE 	394015
Valproate/Divalproex 	382412
Ziprasidone 	301013
Antimigraine Agents	283200
Calcitonin Gene-related Peptide (CGRP) Antagonists	283212
Erenumab-aooe 	318016
Fremanezumab-vfrm 	318046
Galcanezumab-gnlm 	318050
Selective Serotonin Agonists	283228
Almotriptan 	301039
Eletriptan 	303003
Frovatriptan 	301065
Naratriptan 	301032
Rizatriptan 	301033
SUMAtriptan 	396023
ZOLMitriptan 	303027
Antimigraine Agents, Miscellaneous	283292
Acetaminophen 	381004
Butorphanol 	382667
Caffeine/Caffeine and Sodium Benzoate 	382194
Dihydroergotamine Mesylate 	382191
Ergotamine 	382096
Ketoprofen 	386014
Opiate Agonists General Statement 	382906
Propranolol 	382607
Salicylates General Statement 	382944
Timolol 	384029
Topiramate 	397012
Valproate/Divalproex 	382412
Antiparkinsonian Agents	283600
Adamantanes	283604
Amantadine 	382601
Anticholinergic Agents	283608
Benztropine 	382155
Biperiden 	382164
Procyclidine 	382161
Trihexyphenidyl 	382160
Orphenadrine 	382162
Catechol-O-Methyltransferase (COMT) Inhibitors	283612
Entacapone 	300013
Tolcapone 	398036
Dopamine Precursors	283616
Levodopa/Carbidopa 	382394
Dopamine Receptor Agonists	283620
Ergot-derivative Dopamine Receptor Agonists	28362004
Bromocriptine 	382079
Cabergoline 	307020
Nonergot-derivative Dopamine Receptor Agonists	28362008
Apomorphine 	304022
Pramipexole 	397029
rOPINIRole 	398013
Rotigotine 	314003
Monoamine Oxidase B Inhibitors	283632
Rasagiline 	306024
Safinamide 	317037
Selegiline 	397046
Fibromyalgia Agents	284000
Milnacipran 	309009
DULoxetine 	304021
Pregabalin 	305048
Vesicular Monoamine Transporter 2 (VMAT2) Inhibitors	285600
Deutetrabenazine 	317029
Tetrabenazine 	308029
Valbenazine 	317031
Central Nervous System Agents, Miscellaneous	289200
Acamprosate 	305001
Atomoxetine 	302042
Dextromethorphan and quiNIDine 	314001
Edaravone 	317038
Flibanserin 	316016
Flumazenil 	392018
Memantine 	303043
Riluzole 	396013
Sodium Oxybate 	302030
guanFACINE 	308013
Contraceptives (foams, devices)	320000
Nonoxynol-9 	379127
Dental Agents	340000
Diagnostic Agents	360000
Adrenocortical Insufficiency	360400
Cosyntropin 	382557
Allergenic Extracts	360600
Histamine Phosphate 	379081
Amyloidosis	360800
Appendicitis	361000
Technetium 	379177
Blood Volume	361200
Brucellosis	361600
Cardiac Function	361800
Indocyanine Green 	382740
Regadenoson 	309005
Circulation Time	362400
Diabetes Mellitus	362600
Diphtheria	362800
Drug Hypersensitivity	363000
Fungi	363200
Coccidioidin 	382107
Histoplasmin 	382308
Gallbladder Function	363400
Sincalide 	382192
Gastric Function	363600
Intestinal Absorption	363800
Kidney Function	364000
Aminohippurate 	382526
Hexaminolevulinate 	379080
Indigotindisulfonate 	382525
Mannitol 	382646
Liver Function	364400
Indocyanine Green 	382741
Lymphatic System	364600
Isosulfan Blue 	379094
Lymphogranuloma Venereum	364800
Mumps	365200
Mumps Skin Test Antigen 	382122
Myasthenia Gravis	365600
Edrophonium 	382227
Neostigmine 	382226
Ocular Disorders	365800
Fluorescein 	379064
Trypan Blue 	379188
Thyroid Function	366000
Pancreatic Function	366100
Secretin 	382175
TOLBUTamide 	382481
Phenylketonuria	366200
Pheochromocytoma	366400
Pituitary Function	366600
Arginine 	382240
Corticorelin 	379034
Macimorelin 	379101
metyraPONE 	382239
Roentgenographic and Other Imaging Agents	366800
Barium Sulfate 	379018
Diatrizoate Meglumine 	379040
Diatrizoate Meglumine and Diatrizoate Sodium Diatrizoate Sodium 	379042
Drax Exametazime 	379051
Ethiodized Oil 	379055
Florbetaben 	379061
Florbetapir F18 	379062
Fluciclovine F18 	379063
Flutemetamol F18 	379065
Gadobenate Dimeglumine 	379067
Gadobutrol 	379068
Gadolinium 	379069
Gadoterate 	379070
Gallium Ga68 Dotatate 	379071
Indocyanine Green 	379084
Iodipamide Meglumine 	379087
Iodixanol 	379088
Iohexol 	379089
Iopanoic Acid 	379090
Iothalamate Meglumine 	379091
Iothalamate Sodium 	379092
Sulfur hexafluoride lipid type A microspheres Technetium Tc99 	379178
Iobenguane I-131 	318029
Respiratory Function	367000
Mannitol Inhalation Powder 	379111
Scarlet Fever	367200
Sweating	367600
Trichinosis	368000
Tuberculosis	368400
Tuberculin 	381040
Urine and Feces Contents	368800
Ketones	368812
Occult Blood	368820
pH	368824
Protein	368828
Sugar	368840
Disinfectants (for agents used on objects other than skin)	380000
Electrolytic, Caloric, and Water Balance	400000
Acidifying Agents	400400
Ammonium Chloride 	382074
Alkalinizing Agents	400800
Citrate Salts 	382026
Sodium Bicarbonate 	382001
Sodium Lactate 	382033
Tromethamine 	382171
Ammonia Detoxicants	401000
Acetohydroxamic Acid 	384050
Carglumic Acid 	313016
Glycerol Phenylbuterate 	379073
Lactulose 	382338
Sodium Phenylacetate and Sodium Benzoate Sodium Phenylbutyrate 	305014
Replacement Preparations	401200
Calcium Salts 	382764
Dextran 40 	382066
Electrolytes 	382110
Hetastarch 	382068
Hydroxyethyl Starch 130/0.4 	314002
Manganese Chloride 	379110
Phoxillum 	379137
Potassium Supplements 	382780
Prismasol 	379141
Selenious Acid 	317053
Sodium Chloride 	382111
Ion-removing Agents	401800
Sodium-removing Agents	401816
Calcium-removing Agents	401817
Cellulose Sodium Phosphate 	384057
Potassium-removing Agents	401818
Patiromer 	316048
Sodium Polystyrene Sulfonate 	382108
Sodium Zirconium Cyclosilicate 	318038
Phosphate-removing Agents	401819
Ferric Citrate 	315033
Lanthanum 	304026
Sevelamer 	301070
Sucroferric Oxyhydroxide 	315034
Calcium Salts 	382764
Other Ion-removing Agents	401892
Prussian Blue 	303028
Caloric Agents	402000
Amino Acid Injections 	382781
Dextrose 	382624
Fat Emulsions 	388003
Fish Oil Triglycerides 	379060
Invert Sugar 	382623
Salt and Sugar Substitutes	402400
Acesulfame 	379001
Aspartame 	379013
Cyclamate 	379035
Mogrosides 	379120
Neotame 	379124
Saccharin 	379149
Sorbitol 	379167
Stevia 	379170
Sucralose 	379172
Xylitol 	379193
Diuretics	402800
Carbonic Anhydrase Inhibitors	402804
acetaZOLAMIDE 	382756
Loop Diuretics	402808
Bumetanide 	384051
Ethacrynic Acid 	382857
Furosemide 	382858
Torsemide 	394018
Osmotic Diuretics	402812
Mannitol 	382645
Urea 	382842
Potassium-sparing Diuretics	402816
aMILoride 	381046
Triamterene 	382337
Eplerenone 	302037
Spironolactone 	382627
Thiazide Diuretics	402820
Bendroflumethiazide 	382573
Chlorothiazide 	382341
hydroCHLOROthiazide 	382571
Methyclothiazide 	382569
Polythiazide 	382568
Thiazides General Statement 	382918
Thiazide-like Diuretics	402824
Chlorthalidone 	382342
Indapamide 	384062
metOLazone 	382345
Vasopressin Antagonists	402828
Conivaptan 	306025
Tolvaptan 	309026
Diuretics, Miscellaneous	402892
Theophyllines 	381006
Irrigating Solutions	403600
Acetic Acid 	308023
Dimethyl Sulfoxide 	379047
Glycine 	379074
Irrigating Solutions 	382635
Peritoneal Dialysis Solutions 	387001
Ringer's 	379148
Sterile Water 	379169
Mannitol 	382645
Sodium Chloride 	382111
Uricosuric Agents	404000
Lesinurad 	316072
Probenecid 	382395
Electrolytic, Caloric, and Water Balance Agents; Miscellaneous	409200
Burosumab-twza 	318013
Enzymes	440000
Agalsidase Beta 	303023
Alglucosidase Alfa 	310013
Asfotase Alfa 	316049
Cerliponase Alfa 	317035
Collagenase Clostridium Histolyticum 	311015
Elapegademase-lvlr 	318053
Elosulfase Alfa 	316008
Galsulfase 	305039
Idursulfase 	310011
Imiglucerase 	304024
Laronidase 	303024
Pegademase bovine 	379134
Pegvaliase-pqpz 	318018
Rasburicase 	302031
Sacrosidase 	301036
Sebelipase Alfa 	316050
Taliglucerase Alfa 	313018
Velaglucerase Alfa 	313012
Vestronidase Alfa-vjbk 	317066
Alteplase 	389001
Asparaginase (Erwinia chrysanthemi) 	312023
Collagenase 	382674
Dornase Alfa 	394002
Pancrelipase 	382719
Pegaspargase 	395031
Reteplase 	301057
Tenecteplase 	300037
Respiratory Tract Agents	480000
Antifibrotic Agents	480200
Nintedanib 	315042
Pirfenidone 	315043
Antihistamines	480400
Antihistamines General Statement 	382920
First Generation Antihistamines	480404
Brompheniramine 	382545
Carbinoxamine 	382883
Chlorpheniramine 	382543
Clemastine 	382542
Cyproheptadine 	382541
diphenhydrAMINE 	382539
Doxylamine 	382537
Triprolidine 	382533
Second Generation Antihistamines	480408
Acrivastine 	394040
Azelastine 	397014
Cetirizine 	398026
Antitussives	480800
Benzonatate 	382640
Codeine 	382491
Dextromethorphan 	382492
HYDROcodone 	382495
diphenhydrAMINE 	382539
Anti-inflammatory Agents	481000
Corticosteroids	481008
Nasal Preparations	48100804
Beclomethasone 	381047
Budesonide 	303008
Flunisolide 	381048
Fluticasone 	395002
Mometasone 	301021
Triamcinolone 	301019
Orally Inhaled Preparations	48100808
Beclomethasone 	381050
Budesonide 	303009
Flunisolide 	385022
Triamcinolone 	382791
Interleukin Antagonists	481020
Benralizumab 	317063
Mepolizumab 	316051
Reslizumab 	316052
Leukotriene Modifiers	481024
Montelukast 	300014
Zafirlukast 	397007
Zileuton 	397013
Mast-cell Stabilizers	481032
Cromolyn 	382713
Bronchodilators	481200
Adrenergic Agents	481204
Non-selective beta-Adrenergic Agonists	48120408
Isoproterenol 	382606
Selective beta-2-Adrenergic Agonists	48120412
Albuterol/Levalbuterol 	382145
Formoterol 	301023
Metaproterenol 	382084
Terbutaline 	382144
alpha- and beta-Adrenergic Agonists	48120416
ePHEDrine 	382253
EPINEPHrine 	382789
Pseudoephedrine 	382619
Anticholinergic Agents	481208
Atropine 	384024
Ipratropium 	395021
Tiotropium 	304004
Xanthine Derivatives	481212
Diphylline 	379048
Oxtriphylline 	379129
Theophyllines 	381006
Cystic Fibrosis Transmembrane Conductance Regulator Modulators	481400
Cystic Fibrosis Transmembrane Conductance Regulator Correctors	481404
Lumacaftor and Ivacaftor 	316053
Tezacaftor and Ivacaftor 	318009
Cystic Fibrosis Transmembrane Conductance Regulator Potentiators	481412
Ivacaftor 	312031
Expectorants	481600
guaiFENesin 	382494
Potassium Iodide 	382498
Mucolytic Agents	482400
Dornase Alfa 	394002
Acetylcysteine 	382638
Phosphodiesterase Type 4 Inhibitors	483200
Roflumilast 	311030
Pulmonary Surfactants	483600
Beractant 	392012
Lucinactant 	379099
Poractant Alfa 	300050
Vasodilating Agents	484800
Ambrisentan 	307014
Bosentan 	301066
Epoprostenol 	304017
Iloprost 	305042
Macitentan 	314009
Riociguat 	314008
Selexipag 	316054
Treprostinil 	302021
Nitric Oxide 	301043
Sildenafil 	399015
Tadalafil 	303047
Respiratory Tract Agents, Miscellaneous	489200
alpha1-Proteinase Inhibitor 	304029
Omalizumab 	303033
Eye, Ear, Nose, and Throat (EENT) Preparations	520000
Antiallergic Agents	520200
Alcaftadine 	311014
Azelastine 	397014
Bepotastine 	310021
Cetirizine 	379032
Cromolyn 	306027
Emedastine 	399007
Epinastine 	304003
Ketotifen 	399018
Lodoxamide 	394014
Nedocromil 	301053
Olopatadine 	399006
Pemirolast 	301018
Cromolyn 	382713
Anti-infectives	520400
Antibacterials	520404
Bacitracin 	382294
Besifloxacin 	309022
Ciprofloxacin 	393022
Doxycycline 	302018
Erythromycin 	382044
Finafloxacin 	379059
Gatifloxacin 	303018
Gentamicin 	382275
levoFLOXacin 	301035
Minocycline 	301044
Moxifloxacin 	303022
Neomycin 	382274
Ofloxacin 	394004
Polymyxin B 	382843
Sulfacetamide Sodium 	382045
Tobramycin 	381003
Antifungals	520416
Natamycin 	382219
Antivirals	520420
Ganciclovir 	316006
Trifluridine 	382276
Anti-infectives, Miscellaneous	520492
Carbamide Peroxide 	382362
Chlorhexidine 	302009
Zinc Sulfate 	382361
Anti-inflammatory Agents	520800
Corticosteroids	520808
Beclomethasone 	381047
Budesonide 	303008
Ciclesonide 	308032
Dexamethasone 	382869
Difluprednate 	308031
EENT Corticosteroids General Statement Flunisolide 	381048
Fluocinolone 	305019
Fluorometholone 	382870
Fluticasone 	395002
Hydrocortisone 	382871
Loteprednol 	399008
Mometasone 	301021
prednisoLONE 	382873
Rimexolone 	396035
Triamcinolone 	301019
NSAIDs-52	520820
Bromfenac 	305016
Flurbiprofen 	387005
Ketorolac 	393001
Nepafenac 	305049
Anti-inflammatory Agents, Miscellaneous	520892
cycloSPORINE 	303001
Lifitegrast 	316055
Contact Lens Solutions	521200
Local Anesthetics	521600
Benoxinate (oxybuprocaine) 	379019
Benzocaine 	382484
Cocaine 	382372
Dyclonine 	382500
Phenol 	379136
Proparacaine 	382371
Tetracaine 	382486
Mydriatics	522400
Atropine 	382487
Cyclopentolate 	382488
Dipivefrin 	386005
EPINEPHrine 	382267
Homatropine 	382351
Phenylephrine 	382288
Scopolamine 	382509
Tropicamide 	382353
Mouthwashes and Gargles	522800
Hydrogen Peroxide 	382354
Vasoconstrictors	523200
EPINEPHrine 	382266
Naphazoline 	382268
Oxymetazoline 	382562
Phenylephrine 	382621
Propylhexedrine 	382269
Tetrahydrozoline 	382563
Antiglaucoma Agents	524000
alpha-Adrenergic Agonists	524004
Brimonidine 	303015
beta-Adrenergic Blocking Agents	524008
Betaxolol 	386004
Levobunolol 	386011
Metipranolol 	379116
Timolol 	382043
Carbonic Anhydrase Inhibitors	524012
acetaZOLAMIDE 	382756
Brinzolamide 	301037
Carbonic Anhydrase Inhibitors General Dorzolamide 	397049
methazolAMIDE 	382754
Dichlorphenamide 	316077
Miotics	524020
Acetylcholine 	382406
Carbachol 	382404
Miotics General Statement 	382943
Pilocarpine 	382874
Osmotic Agents	524024
Mannitol 	382645
Urea 	382842
Prostaglandin Analogs	524028
Bimatoprost 	301015
Latanoprost 	397003
Latanoprostene Bunod 	317061
Tafluprost 	312022
Travoprost 	301016
Rho Kinase Inhibitors	524032
Netarsudil 	318002
Antiglaucoma Agents, Miscellaneous	524092
Dipivefrin 	386005
EPINEPHrine 	382267
EENT Drugs, Miscellaneous	529200
Aflibercept 	312025
Alcohol, Isopropyl 	379002
Apraclonidine 	388017
Cenegermin-bkbj 	318061
Cysteamine 	314014
Hydroxypropyl Cellulose 	379083
Ocriplasmin 	313006
Pegaptanib 	305011
Propylene Glycol 	379142
Ranibizumab 	306023
Riboflavin 5'-phosphate 	379146
Verteporfin 	300012
Cromolyn 	382713
Cromolyn 	306027
Voretigene Neparvovec-rzyl 	379191
Gastrointestinal Drugs	560000
Antacids and Adsorbents	560400
Aluminum Carbonate 	379006
Aluminum Hydroxide 	379007
Aluminum Phosphate 	379008
Antacids 	382762
Calcium Carbonate 	379027
Charcoal, Activated 	382844
Dihydroxyaluminum Aminoacetate 	379045
Dihydroxyaluminum Sodium Carbonate 	379046
Magaldrate 	379102
Magnesium Carbonate 	379103
Magnesium Hydroxide 	379105
Magnesium Oxide 	379106
Magnesium Trisilicate 	379108
Bismuth Salts 	307023
Sodium Bicarbonate 	382001
Antidiarrhea Agents	560800
Bismuth Salts 	307023
Crofelemer 	313045
Diphenoxylate 	382679
Lactobacillus Acidophilus 	382681
Loperamide 	382280
Opium Preparations 	382680
Paregoric 	379132
Telotristat 	317016
Antiflatulents	561000
Simethicone 	382683
Cathartics and Laxatives	561200
Anthraquinone Laxatives 	382605
Bisacodyl 	382604
Bulk-Forming Laxatives 	382590
Casanthranol 	382605
Cascara Sagrada 	382605
Castor Oil 	382595
Cathartics and Laxatives General Statement Dibasic Sodium Phosphate 	379043
Docusate Calcium 	379049
Docusate Sodium 	379050
Frangula 	382605
Glycerin 	379072
Hyperosmotic Laxatives 	382594
Magnesium Citrate 	379104
Malt Soup Extract 	379109
Methylcellulose 	379115
Mineral Oil 	382350
Monobasic Sodium Phosphate 	379121
Polyethylene Glycol 	379138
Potassium Bitartrate 	379140
Psyllium Hydrophilic Mucilloid 	379143
Saline Laxatives 	382515
Senna 	382605
Sennosides 	382605
Sodium Picosulfate 	379161
Sorbitol 	379166
Stool Softeners 	382582
Cholelitholytic Agents	561400
Chenodiol 	384039
Ursodiol 	308020
Digestants	561600
Pancrelipase 	382719
Emetics	562000
Antiemetics	562200
Antihistamines	562208
Cyclizine 	379036
dimenhyDRINATE 	382140
Meclizine 	382548
Prochlorperazine 	382695
Trimethobenzamide 	382693
Antihistamines General Statement 	382920
5-HT3 Receptor Antagonists	562220
Dolasetron 	301001
Granisetron 	394011
Ondansetron 	392023
Palonosetron 	303038
Neurokinin-1 Receptor Antagonists	562232
Aprepitant/Fosaprepitant 	303017
Netupitant/Fosnetupitant 	316056
Rolapitant 	316057
Antiemetics, Miscellaneous	562292
Diphenidol 	382875
Dronabinol 	306021
Nabilone 	306022
Phenothiazines General Statement 	382905
Promethazine 	382284
Scopolamine 	384023
Lipotropic Agents	562400
Antiulcer Agents and Acid Suppressants	562800
Amoxicillin 	385001
Antacids 	382762
Bismuth Salts 	307023
Clarithromycin 	392005
metroNIDAZOLE 	382244
Tetracycline 	382098
Histamine H2-Antagonists	562812
Cimetidine 	382256
Famotidine 	387011
Nizatidine 	394030
raNITIdine 	384046
Prostaglandins	562828
miSOPROStol 	389009
Protectants	562832
Sucralfate 	381049
Proton-pump Inhibitors	562836
Dexlansoprazole 	309012
Esomeprazole 	301031
Lansoprazole 	395020
Omeprazole 	393050
Pantoprazole 	300049
RABEprazole 	399033
Antiulcer Agents and Acid Suppressants, Miscellaneous	562892
Prokinetic Agents	563200
Cisapride 	394006
Metoclopramide 	384035
Prucalopride 	319001
Anti-inflammatory Agents	563600
Alosetron 	300011
Balsalazide 	301025
Mesalamine 	388021
Olsalazine 	304018
sulfaSALAzine 	382204
GI Drugs, Miscellaneous	569200
Alvimopan 	308028
Cholic Acid 	316058
Eluxadoline 	316004
Linaclotide 	314006
Lubiprostone 	306008
Methylnaltrexone 	308033
Naldemedine 	317027
Naloxegol 	316002
Obeticholic Acid 	316059
Orlistat 	399010
Plecanatide 	317011
Teduglutide 	313026
Tegaserod 	302032
Vedolizumab 	315017
Adalimumab; -adaz 	302046
Certolizumab 	308034
Golimumab 	309028
inFLIXimab, -abda, -dyyb, -qbtx 	301005
Octreotide 	393049
Gold Compounds	600000
Auranofin 	385038
Heavy Metal Antagonists	640000
Deferasirox 	307028
Deferiprone 	312018
Deferoxamine 	382254
Dimercaprol 	382859
Edetate Calcium Disodium 	382249
penicillAMINE 	382290
Succimer 	392031
Trientine 	317042
Hormones and Synthetic Substitutes	680000
Adrenals	680400
Beclomethasone 	381050
Betamethasone 	382799
Budesonide 	303009
Ciclesonide 	308040
Corticosteroids General Statement 	382921
Cortisone Acetate 	382800
Deflazacort 	317009
Dexamethasone 	382792
Fludrocortisone 	382549
Flunisolide 	385022
Fluticasone 	301028
Hydrocortisone 	382793
methylPREDNISolone 	382795
Mometasone 	305045
Prasterone 	317041
prednisoLONE 	382794
predniSONE 	382796
Triamcinolone 	382791
Androgens	680800
Danazol 	382599
Fluoxymesterone 	382690
methylTESTOSTERone 	382689
Nandrolone 	379123
Oxandrolone 	308011
Oxymetholone 	379130
Testosterone 	382684
Contraceptives	681200
Estrogen-Progestin Combinations 	382675
Levonorgestrel 	379097
Progestins 	382556
Ulipristal 	310026
medroxyPROGESTERone 	382470
Estrogens and Estrogen Agonists-Antagonists	681600
Estrogens	681604
Estradiol 	382453
Estrogens General Statement 	382922
Estrogens, Conjugated 	382457
Estrogens, Esterified 	382452
Estrogen-Progestin Combinations 	382675
Antiestrogens	681608
Anastrozole 	396018
Exemestane 	399038
Letrozole 	398004
Estrogen Agonists-Antagonists	681612
Bazedoxifene 	315045
clomiPHENE 	382704
Ospemifene 	314005
Raloxifene 	398007
Tamoxifen 	382414
Toremifene 	398005
Gonadotropins and Antigonadotropins	681800
Antigonadotropins	681804
Cetrorelix 	301029
Degarelix 	309017
Elagolix 	318027
Ganirelix 	399024
Gonadotropins	681808
Choriogonadotropin Alfa 	301054
Gonadotropin, Chorionic 	382459
Goserelin 	302008
Histrelin 	304025
Leuprolide 	385040
Lutropin Alfa 	304027
Nafarelin 	302011
Triptorelin 	300033
Antidiabetic Agents	682000
alpha-Glucosidase Inhibitors	682002
Acarbose 	396015
Miglitol 	307002
Amylinomimetics	682003
Pramlintide 	305022
Biguanides	682004
metFORMIN 	396005
Dipeptidyl Peptidase-4 (DPP-4) Inhibitors	682005
Alogliptin 	313043
Linagliptin 	312009
sAXagliptin 	311005
SITagliptin 	307001
Vildagliptin 	379190
Incretin Mimetics	682006
Albiglutide 	314021
Dulaglutide 	315021
Exenatide 	305021
Liraglutide 	311002
Lixisenatide 	316060
Semaglutide 	317067
Insulins	682008
Insulins General Statement 	382933
Rapid-acting Insulins	68200804
Insulin Aspart 	300048
Insulin Glulisine 	306009
Insulin Lispro 	397021
Short-acting Insulins	68200808
Insulin Human 	384041
Intermediate-acting Insulins	68200812
Insulin Aspart Protamine 	379085
Insulin Human, Isophane 	384041
Insulin Lispro Protamine 	379086
Insulin Zinc 	382612
Long-acting Insulins	68200816
Insulin Degludec 	316061
Insulin Detemir 	306011
Insulin Glargine 	300027
Meglitinides	682016
Nateglinide 	301007
Repaglinide 	300010
Sodium-glucose Cotransporter 1 (SGLT1) Inhibitors	682017
Sodium-glucose Cotransporter 2 (SGLT2) Inhibitors	682018
Canagliflozin 	313046
Dapagliflozin 	314022
Empagliflozin 	315046
Ertugliflozin 	318004
Sulfonylureas	682020
chlorproPAMIDE 	382479
Glimepiride 	396016
glipiZIDE 	384060
glyBURIDE 	384058
TOLAZamide 	382482
TOLBUTamide 	382481
Thiazolidinediones	682028
Pioglitazone 	399016
Rosiglitazone 	399023
Antidiabetic Agents, Miscellaneous	682092
Bromocriptine 	382079
Colesevelam 	301041
Antihypoglycemic Agents	682200
Glycogenolytic Agents	682212
Glucagon 	382480
Antihypoglycemic Agents, Miscellaneous	682292
Diazoxide 	382247
Parathyroid and Antiparathyroid Agents	682400
Antiparathyroid Agents	682404
Calcitonin 	382788
Cinacalcet 	304009
Etelcalcetide 	317026
Parathyroid Agents	682408
Abaloparatide 	317036
Parathyroid Hormone 	315047
Teriparatide 	302043
Pituitary	682800
Corticotropin 	382743
Desmopressin 	382876
Omnitrope 	379128
Somatropin 	379165
Vasopressin 	382596
Somatostatin Agonists and Antagonists	682900
Somatostatin Agonists	682904
Lanreotide 	308003
Octreotide 	393049
Pasireotide 	313029
Somatostatin Antagonists	682908
Somatotropin Agonists and Antagonists	683000
Somatotropin Agonists	683004
Mecasermin 	306004
Tesamorelin 	311008
Somatotropin Antagonists	683008
Pegvisomant 	303016
Progestins	683200
HYDROXYprogesterone 	382467
medroxyPROGESTERone 	382470
Megestrol 	382003
Norethindrone 	382473
Progesterone 	382472
Progestins General Statement 	382923
Estrogen-Progestin Combinations 	382675
Megestrol 	382003
Progestins 	382556
Other Corpus Luteum Hormones	683400
Thyroid and Antithyroid Agents	683600
Thyroid Agents	683604
Levothyroxine 	382461
Liothyronine 	382462
Liotrix 	382463
Thyroid 	382475
Thyroid Agents General Statement 	382924
Antithyroid Agents	683608
methIMAzole 	382464
Potassium Iodide 	382498
Propylthiouracil 	382465
Leptins	684000
Metreleptin 	316062
Renin-Angiotensin-Aldosterone System (RAAS)	684400
Angiotensin II 	318007
Local Anesthetics	720000
Articaine 	301010
Bupivacaine 	382703
Chloroprocaine 	382699
Lidocaine 	382701
Local Anesthetics, Parenteral, General Mepivacaine 	382702
Prilocaine 	382697
Ropivacaine 	319004
Tetracaine 	382642
Oxytocics	760000
Carboprost 	307030
Dinoprostone 	382512
Ergonovine/Methylergonovine 	382633
miFEPRIStone 	300042
Oxytocin 	382685
Sodium Chloride 20% Injection 	382649
Urea 40-50% Injection 	382513
Radioactive Agents	780000
Radium Ra-223 Dichloride 	379145
Samarium Sm-153 Lexidronum 	379150
Sodium Iodide I-131 	379160
Strontium Sr-89 Chloride 	379171
Yttrium-90 Ibritumomab tiuxetan 	379194
Iobenguane I-131 	318029
Lutetium Lu-177 Dotatate 	318008
Antitoxins, Immune Globulins, Toxoids, and Vaccines	800000
Allergenic Extracts	800200
Grass Pollen Allergen Extract (Grastek) 	379075
Antitoxins and Immune Globulins	800400
Anthrax Immune Globulin IV (Human) 	317015
Antivenin (Latrodectus mactans) (Equine) Antivenin (Micrurus fulvius) (Equine) 	386017
Bezlotoxumab 	316082
Botulism Antitoxin (Equine) 	315015
Botulism Equine Trivalent Antitoxin 	379023
Botulism Immune Globulin IV 	303046
Centruroides Immune F(ab')2 	312006
Crotalidae Polyvalent Immune Fab 	302023
Cytomegalovirus Immune Globulin IV 	397030
Digoxin Immune Fab 	386020
Diphtheria Antitoxin 	382808
Hepatitis B Immune Globulin 	381051
Immune Globulin 	382815
Obiltoxaximab 	316064
Rabies Immune Globulin 	381041
Raxibacumab 	316019
Rho(D) Immune Globulin 	382806
Smallpox Immune Globulin 	379156
Tetanus Immune Globulin 	382804
Vaccinia Immune Globulin IV 	305009
Varicella Zoster Immune Globulin 	384038
Toxoids	800800
Botulinum Toxoid 	379022
Diphtheria and Tetanus Toxoids 	382199
Vaccines	801200
Adenovirus Vaccine Live Oral 	315016
Anthrax Vaccine Adsorbed 	301062
BCG Vaccine 	382809
Cholera Vaccine Live Oral 	317010
Haemophilus b Vaccine 	386010
Hepatitis A Virus Vaccine Inactivated 	395003
Hepatitis B Vaccine Recombinant 	381052
Human Papillomavirus Vaccine 	306016
Influenza Vaccine Live Intranasal 	303031
Influenza Vaccine Recombinant 	313010
Influenza Virus Vaccine Inactivated 	395026
Japanese Encephalitis Vaccine 	393014
Measles Virus Vaccine Live 	382559
Meningococcal Group B Vaccine 	317007
Meningococcal Groups A, C, Y, and W-135 Mumps Virus Vaccine Live 	382561
Pneumococcal Vaccine 	382657
Poliovirus Vaccine Inactivated 	395016
Rabies Vaccine 	381042
Rotavirus Vaccine Live Oral 	306006
Rubella Virus Vaccine Live 	382560
Typhoid Vaccine 	382812
Vaccinia Vaccine 	379189
Varicella Virus Vaccine Live 	397005
Yellow Fever Vaccine 	382813
Zoster Vaccine Live 	306028
Zoster Vaccine Recombinant 	317060
Skin and Mucous Membrane Agents	840000
Anti-infectives	840400
Antibacterials	840404
Bacitracin 	382293
Clindamycin 	382382
Erythromycin 	382381
Gentamicin 	382669
metroNIDAZOLE 	389011
Mupirocin 	388004
Neomycin 	382670
Ozenoxacin 	318005
Retapamulin 	307012
Tetracyclines 	382383
Dapsone 	310012
Polymyxin B 	382314
Antivirals	840406
Acyclovir 	381036
Docosanol 	301056
Penciclovir 	397027
Antifungals	840408
Allylamines	84040804
Naftifine 	388020
Terbinafine 	393026
Azoles	84040808
Butoconazole 	386012
Clotrimazole 	382753
Econazole 	384049
Efinaconazole 	314025
Ketoconazole 	386019
Luliconazole 	314024
Miconazole 	382616
Oxiconazole 	389004
Sertaconazole 	305002
Sulconazole 	398018
Terconazole 	388022
Tioconazole 	398017
Benzylamines	84040812
Butenafine 	397019
Echinocandins	84040816
Hydroxypyridones	84040820
Ciclopirox 	384047
Oxaboroles	84040824
Tavaborole 	314026
Polyenes	84040828
Nystatin 	382758
Pyrimidines	84040832
Thiocarbamates	84040840
Tolnaftate 	382617
Antifungals, Miscellaneous	84040892
Carbol-Fuchsin 	382508
Gentian Violet 	382656
Sodium Thiosulfate 	382504
Undecylenic Acid 	382511
Scabicides and Pediculicides	840412
Benzyl Alcohol 	311001
Benzyl Benzoate 	382655
Crotamiton 	382833
Ivermectin 	313021
Lindane 	382651
Malathion 	384040
Permethrin 	398037
Pyrethrins with Piperonyl Butoxide 	382528
Spinosad 	311033
Sulfur 	382726
Local Anti-infectives, Miscellaneous	840492
Alcohol, Isopropyl 	379003
Benzalkonium 	382506
Boric Acid 	382360
Chlorhexidine 	302010
Hexachlorophene 	382369
Iodine 	382368
Iodoquinol 	382370
Mafenide 	382263
Selenium Sulfide 	382258
Silver Sulfadiazine 	382598
Sodium Hypochlorite 	379159
Anti-inflammatory Agents	840600
Corticosteroids	840608
Alclometasone 	387002
Amcinonide 	382745
Betamethasone 	382270
Clobetasol 	386008
Clocortolone 	385023
Desonide 	382207
Desoximetasone 	382208
Diflorasone 	382210
Fluocinolone 	382271
Flurandrenolide 	382214
Halcinonide 	382272
Halobetasol 	379076
Hydrocortisone 	382206
Mometasone 	387014
Prednicarbate 	394036
Topical Corticosteroids General Statement Triamcinolone 	382205
NSAIDs-84	840620
Diclofenac 	301009
Anti-inflammatory Agents, Miscellaneous	840692
Crisaborole 	317004
Antipruritics and Local Anesthetics	840800
Benzocaine 	382424
Dibucaine 	382421
Doxepin 	394009
Ethyl Chloride 	382425
Phenazopyridine 	382231
Pramoxine 	382429
diphenhydrAMINE 	382539
Astringents	841200
Aluminum Acetate 	308010
Aluminum Chloride 	307024
Cell Stimulants and Proliferants	841600
Becaplermin 	317040
Palifermin 	305010
Tretinoin 	382437
Detergents	842000
Green Soap 	382444
Emollients, Demulcents, and Protectants	842400
Vitamins A and D 	382435
Basic Lotions and Liniments	842404
Lactic Acid 	379096
Basic Oils and Other Solvents	842408
Basic Ointments and Protectants	842412
Mineral Oil, Light 	379118
Petrolatum 	379135
Basic Powders and Demulcents	842416
Keratolytic Agents	842800
Allantoin 	379004
Ammonium Lactate 	379010
Salicylic Acid 	382723
Sulfur 	382726
Urea 	382436
Keratoplastic Agents	843200
Coal Tar 	384034
Zinc Pyrithione 	379195
Depigmenting and Pigmenting Agents	845000
Depigmenting Agents	845004
Hydroquinone 	382379
Mequinol/Tretinoin 	303021
Monobenzone 	382378
Pigmenting Agents	845006
Dihydroxyacetone 	382377
Methoxsalen 	382384
Sunscreen Agents	848000
Sunscreens 	382787
Skin and Mucous Membrane Agents, Miscellaneous	849200
Acitretin 	307034
Adapalene 	398020
Alefacept 	303006
Alitretinoin 	301047
Aminolevulinic Acid 	300001
Azelaic Acid 	396002
Bexarotene 	300040
Brimonidine 	315044
Brodalumab 	317014
Calcipotriene 	394008
Collagenase 	382674
Dapsone 	310012
Dextranomer 	382877
Doxycycline 	306017
Dupilumab 	317025
Eflornithine 	301026
Fibrin Sealant 	308036
Finasteride 	398016
Fluorouracil 	382708
Glycopyrronium 	318033
Guselkumab 	317046
Hydrogen Peroxide 	318003
Imiquimod 	398010
Ingenol Mebutate 	313013
ISOtretinoin 	381043
Ixekizumab 	316069
Mechlorethamine 	315006
Methyl Aminolevulinate 	379114
Minoxidil 	389003
Nitroglycerin 	314023
Oxymetazoline 	317008
Pimecrolimus 	302003
Podofilox 	398011
Podophyllum Resin 	382448
Secukinumab 	315024
Sinecatechins 	308037
Tacrolimus 	301040
Tazarotene 	397031
Tildrakizumab-asmn 	318030
Ustekinumab 	311010
Apremilast 	315003
inFLIXimab, -abda, -dyyb, -qbtx 	301005
Smooth Muscle Relaxants	860000
Gastrointestinal Smooth Muscle Relaxants	860800
Genitourinary Smooth Muscle Relaxants	861200
Antimuscarinics	861204
Darifenacin 	305008
Fesoterodine 	309006
flavoxATE 	382706
Oxybutynin 	382141
Solifenacin 	305007
Tolterodine 	399026
Trospium 	304019
beta-3 Adrenergic Agonists	861208
Selective beta-3 Adrenergic Agonists	86120812
Mirabegron 	313011
Respiratory Smooth Muscle Relaxants	861600
Theophyllines 	381006
Sildenafil 	399015
Vitamins	880000
Vitamin A	880400
Beta Carotene 	382615
Vitamin A 	382592
Vitamin B Complex	880800
Folic Acid 	382591
Niacin/Niacinamide 	382588
Pantothenic Acid 	382589
Pyridoxine 	382587
Riboflavin 	382585
Thiamine 	382586
Vitamin B12 	382397
Leucovorin 	382336
Vitamin C	881200
Ascorbic Acid 	382583
Vitamin D	881600
Calcifediol 	317005
Calcitriol 	382335
Dihydrotachysterol 	382334
Doxercalciferol 	399027
Ergocalciferol 	382333
Paricalcitol 	301071
Vitamin D Analogs General Statement 	382927
Vitamin E	882000
Vitamin E 	382584
Vitamin K Activity	882400
Phytonadione 	382659
Multivitamin Preparations	882800
Multivitamins 	382882
Miscellaneous Therapeutic Agents	920000
Alcohol Deterrents	920400
Disulfiram 	382602
Naltrexone 	385041
5-alpha-Reductase Inhibitors	920800
Dutasteride 	302002
Finasteride 	392036
Finasteride 	398016
Antidotes	921200
Acetylcysteine 	382638
Fomepizole 	398015
Glucarpidase 	312015
Leucovorin 	382336
LEVOleucovorin 	308025
Methylene Blue 	382747
Pralidoxime 	382517
Sugammadex 	316070
Uridine Triacetate 	317028
Amyl Nitrite 	382344
Antivenin (Latrodectus mactans) (Equine) 	382759
Antivenin (Micrurus fulvius) (Equine) 	386017
Atropine 	384024
Benzodiazepines General Statement 	382910
Calcium Salts 	382764
Cellulose Sodium Phosphate 	384057
Centruroides Immune F(ab')2 	312006
Crotalidae Polyvalent Immune Fab 	302023
Deferoxamine 	382254
Digoxin Immune Fab 	386020
Dimercaprol 	382859
Edetate Calcium Disodium 	382249
Flumazenil 	392018
Glucagon 	382480
Lanthanum 	304026
Magnesium Sulfate 	382329
Naloxone 	382232
Physostigmine 	382083
Phytonadione 	382659
Potassium Iodide 	382498
Protamine 	382278
Prussian Blue 	303028
Sevelamer 	301070
Sodium Polystyrene Sulfonate 	382108
Succimer 	392031
Antigout Agents	921600
Allopurinol 	382673
Colchicine 	382711
Febuxostat 	309010
Pegloticase 	311011
Indomethacin 	381027
Lesinurad 	316072
Naproxen 	381029
Probenecid 	382395
Antisense Oligonucleotides	921800
Eteplirsen 	316080
Inotersen 	318055
Nusinersen 	317002
Immunomodulatory Agents	922000
Alemtuzumab 	315048
Daclizumab 	316073
Dimethyl Fumarate 	313048
Fingolimod 	311004
Glatiramer 	305047
Interferon Beta 	393040
Interferon Gamma 	303020
Natalizumab 	304030
Ocrelizumab 	317024
Peginterferon Beta-1a 	315049
Teriflunomide 	313047
Thalidomide 	399032
Abatacept 	306003
Adalimumab; -adaz 	302046
Aldesleukin 	392009
Alemtuzumab 	301034
Anakinra 	301072
Antineoplastic Agents General Statement 	382941
Apremilast 	315003
Auranofin 	385038
Aurothioglucose/Gold Sodium Thiomalate 	382773
azaTHIOprine 	382167
Certolizumab 	308034
cycloSPORINE 	384054
Etanercept, Etanercept-szzs 	300031
Golimumab 	309028
Hydroxychloroquine 	382319
inFLIXimab, -abda, -dyyb, -qbtx 	301005
Interferon Alfa 	390006
Leflunomide 	300032
Lenalidomide 	306005
Methotrexate 	382018
Pomalidomide 	313042
sulfaSALAzine 	382204
Tocilizumab 	310009
Tofacitinib 	313024
Ustekinumab 	311010
Bone Resorption Inhibitors	922400
Alendronate 	395025
Denosumab 	310025
Etidronate 	382581
Gallium Nitrate 	392021
Ibandronate 	305018
Pamidronate 	392024
Risedronate 	301004
Tiludronate 	379182
Zoledronic Acid 	301052
Calcitonin 	382788
Estradiol 	382453
Estrogens General Statement 	382922
Estrogens, Conjugated 	382457
Estrogens, Esterified 	382452
Raloxifene 	398007
Carbonic Anhydrase Inhibitors	922600
Dichlorphenamide 	316077
Cariostatic Agents	922800
Fluorides 	382727
Complement Inhibitors	923200
C1-Esterase Inhibitor (Human) 	309014
C1-Esterase Inhibitor (Recombinant) 	315050
Ecallantide 	311006
Eculizumab 	307019
Icatibant 	312007
Lanadelumab-flyo 	318042
Ravulizumab-cwvz 	319002
Disease-modifying Antirheumatic Drugs	923600
Abatacept 	306003
Adalimumab; -adaz 	302046
Anakinra 	301072
Apremilast 	315003
Baricitinib 	318019
Certolizumab 	308034
Etanercept, Etanercept-szzs 	300031
Golimumab 	309028
inFLIXimab, -abda, -dyyb, -qbtx 	301005
Leflunomide 	300032
Sarilumab 	317039
Tocilizumab 	310009
Tofacitinib 	313024
Auranofin 	385038
Aurothioglucose/Gold Sodium Thiomalate 	382773
azaTHIOprine 	382167
Corticosteroids General Statement 	382921
cycloSPORINE 	384054
Hydroxychloroquine 	382319
Methotrexate 	382018
penicillAMINE 	382290
riTUXimab 	398003
sulfaSALAzine 	382204
Ustekinumab 	311010
Immunosuppressive Agents	924400
Antithymocyte Globulin (Equine) 	385025
Antithymocyte Globulin (Rabbit) 	301042
azaTHIOprine 	382167
Basiliximab 	301050
Belatacept 	312008
Belimumab 	311017
cycloSPORINE 	384054
Emapalumab-lzsg 	318062
Mycophenolate 	303011
Sirolimus 	300009
Tacrolimus 	395035
Alefacept 	303006
Corticosteroids General Statement 	382921
Cyclophosphamide 	382080
Everolimus 	309008
Mercaptopurine 	382653
Methotrexate 	382018
Pimecrolimus 	302003
Tacrolimus 	301040
Protective Agents	925600
Amifostine 	396014
Dexrazoxane 	396004
Mesna 	395034
Pentosan 	308008
Other Miscellaneous Therapeutic Agents	929200
AbobotulinumtoxinA 	315012
Amifampridine 	319003
Betaine 	397016
Canakinumab 	311026
Cobicistat 	316074
Dalfampridine 	310016
Deoxycholic Acid 	316076
Eliglustat 	316078
IncobotulinumtoxinA 	315013
L-Glutamine 	317047
Liver Extract 	379098
metyroSINE 	382748
Migalastat 	318036
Miglustat 	303039
Nitisinone 	302005
OnabotulinumtoxinA 	305006
Patisiran 	318031
PrabotulinumtoxinA-xvfs 	379196
Rilonacept 	308039
RimabotulinumtoxinB 	315014
Sapropterin 	308004
Tiopronin 	379183
Uridine Triacetate 	317028
Pharmaceutical Aids	960000
Mineral Oil 	379117
Polyacrylic Acid 	379028
